a3a045b51f6ba1e973a9750f7061edbb	D_0__Bacteria;D_1__Firmicutes;D_2__Clostridia;D_3__Clostridiales;D_4__Clostridiaceae 1;D_5__Clostridium sensu stricto 1
67dfacf96a38558ee3a659a1aa141fd5	D_0__Bacteria;D_1__Epsilonbacteraeota;D_2__Campylobacteria;D_3__Campylobacterales;D_4__Helicobacteraceae;D_5__Helicobacter;D_6__Helicobacter pylori
dee86d463f6a6a4bad3f90c961d4150b	D_0__Bacteria;D_1__Proteobacteria;D_2__Alphaproteobacteria;D_3__Rhodobacterales;D_4__Rhodobacteraceae;D_5__Rhodobacter;D_6__Rhodobacter sphaeroides
a0f51d2463cc52b6ba0b3c1cbe94e340	D_0__Bacteria;D_1__Firmicutes;D_2__Bacilli;D_3__Bacillales;D_4__Staphylococcaceae;D_5__Staphylococcus
5cbeb2d12d0f3cb9b0a02f17ef3d3b94	D_0__Bacteria;D_1__Proteobacteria;D_2__Gammaproteobacteria;D_3__Pseudomonadales;D_4__Moraxellaceae;D_5__Acinetobacter
0fd6ea0056df94acbf3dc4bf6c7f591d	D_0__Bacteria;D_1__Firmicutes;D_2__Bacilli;D_3__Lactobacillales;D_4__Lactobacillaceae;D_5__Lactobacillus;D_6__mouse gut metagenome
f373a7d99aa3c09d024c75a81f65eddb	D_0__Bacteria;D_1__Proteobacteria;D_2__Gammaproteobacteria;D_3__Betaproteobacteriales;D_4__Neisseriaceae;D_5__Neisseria
95d3bdbde36192cdf1f82c7672034c1f	D_0__Bacteria;D_1__Firmicutes;D_2__Bacilli;D_3__Bacillales;D_4__Bacillaceae;D_5__Bacillus
fe396bdd9bacae5ecdb64a9c544c0dda	D_0__Bacteria;D_1__Firmicutes;D_2__Clostridia;D_3__Clostridiales;D_4__Clostridiaceae 1;D_5__Clostridium sensu stricto 1
1bfb73eedd5f985c7194d937856ed2b2	D_0__Bacteria;D_1__Deinococcus-Thermus;D_2__Deinococci;D_3__Deinococcales;D_4__Deinococcaceae;D_5__Deinococcus
7aef1b9b98e5defe80b32175eaf8447e	D_0__Bacteria;D_1__Deinococcus-Thermus;D_2__Deinococci;D_3__Deinococcales;D_4__Deinococcaceae;D_5__Deinococcus
79eff3cdf89df45e1a4af6e2f1c25d24	D_0__Bacteria;D_1__Proteobacteria;D_2__Gammaproteobacteria;D_3__Enterobacteriales;D_4__Enterobacteriaceae;D_5__Escherichia-Shigella
ddf1cf0399c8332f16800221f861356a	D_0__Bacteria;D_1__Firmicutes;D_2__Bacilli;D_3__Lactobacillales;D_4__Streptococcaceae;D_5__Streptococcus;D_6__Streptococcus mutans UA159-FR
66af1702ece1268e03a75e4f98f810b7	D_0__Bacteria;D_1__Firmicutes;D_2__Bacilli;D_3__Lactobacillales;D_4__Enterococcaceae;D_5__Enterococcus
82431172e549bce1cf29ff07fff2de56	D_0__Bacteria;D_1__Proteobacteria;D_2__Gammaproteobacteria;D_3__Enterobacteriales;D_4__Enterobacteriaceae;D_5__Escherichia-Shigella
50399ee76256eab19f124eea614c68c2	D_0__Bacteria;D_1__Firmicutes
209923b6db326bf975a2920b1bc90ec2	D_0__Bacteria;D_1__Proteobacteria;D_2__Alphaproteobacteria;D_3__Rhizobiales;D_4__Xanthobacteraceae;D_5__Rhodoplanes;Ambiguous_taxa
e5400356daabbc5a41f935af70513043	D_0__Bacteria;D_1__Proteobacteria;D_2__Alphaproteobacteria;D_3__Rhizobiales;D_4__Xanthobacteraceae;D_5__Bradyrhizobium
8f2f776fa4630cb3832c2d9edf51ee19	D_0__Bacteria;D_1__Proteobacteria;D_2__Alphaproteobacteria;D_3__Rhizobiales;D_4__Hyphomicrobiaceae;D_5__Pedomicrobium
5041780b12392dcca04512b967e141dc	D_0__Bacteria;D_1__Actinobacteria;D_2__Acidimicrobiia;D_3__Microtrichales;D_4__Ilumatobacteraceae;D_5__Ilumatobacter;Ambiguous_taxa
b6a0b6e2aa6a2bd070483f6985bb82ee	D_0__Bacteria;D_1__Chloroflexi;D_2__KD4-96;Ambiguous_taxa;Ambiguous_taxa;Ambiguous_taxa;Ambiguous_taxa
6aaaf2a5a58024497c9c1a84037e7a2d	D_0__Bacteria;D_1__Proteobacteria;D_2__Alphaproteobacteria;D_3__Rhizobiales;D_4__Rhizobiaceae;D_5__Mesorhizobium
fc9cbedabf1a305b3b061c2ec4ad374f	D_0__Bacteria;D_1__Chloroflexi;D_2__KD4-96
2c72682b10bbf2310b587ac07606f4d9	D_0__Bacteria;D_1__Chloroflexi;D_2__Gitt-GS-136
bde3454a36fe0897db8b723ab820b281	D_0__Bacteria;D_1__Proteobacteria;D_2__Alphaproteobacteria;D_3__Rhizobiales;D_4__Xanthobacteraceae;D_5__Rhodoplanes
986b02c7c93372feb984b6908c467d0b	D_0__Bacteria;D_1__Chloroflexi;D_2__Chloroflexia;D_3__Chloroflexales;D_4__Roseiflexaceae;D_5__uncultured;D_6__uncultured bacterium
9646fb40b1761eee12c304072ddf2085	D_0__Bacteria;D_1__Proteobacteria;D_2__Alphaproteobacteria;D_3__Rhizobiales;D_4__Beijerinckiaceae;D_5__Microvirga
7eb0c97b500cb1368a65ad1329136de3	D_0__Bacteria;D_1__Actinobacteria;D_2__Acidimicrobiia;D_3__Microtrichales;D_4__Ilumatobacteraceae;D_5__uncultured
d9f2c6e8f4ef729f6bc73d1775bfb51e	D_0__Bacteria;D_1__Chloroflexi;D_2__KD4-96;D_3__metagenome;D_4__metagenome;D_5__metagenome;D_6__metagenome
c1fc77ba029fbbf047be5aee246224cc	D_0__Bacteria;D_1__Chloroflexi;D_2__KD4-96;D_3__uncultured Chloroflexi bacterium;D_4__uncultured Chloroflexi bacterium;D_5__uncultured Chloroflexi bacterium;D_6__uncultured Chloroflexi bacterium
aeec796c3e5647c786ebc2579e6a256f	D_0__Bacteria;D_1__Actinobacteria;D_2__Acidimicrobiia;D_3__Microtrichales;D_4__Ilumatobacteraceae;D_5__CL500-29 marine group;D_6__metagenome
b22f3bb828059f86eb7ac471d489a57e	D_0__Bacteria;D_1__Chloroflexi;D_2__Gitt-GS-136;D_3__uncultured bacterium;D_4__uncultured bacterium;D_5__uncultured bacterium;D_6__uncultured bacterium
f1d8a79b1907c56fb5aa032cc172b25c	D_0__Bacteria;D_1__Patescibacteria;D_2__Saccharimonadia;D_3__Saccharimonadales;D_4__uncultured soil bacterium;D_5__uncultured soil bacterium;D_6__uncultured soil bacterium
3fb0e540e7aebae7d4026facb1f5352e	D_0__Bacteria;D_1__Chloroflexi;D_2__KD4-96;D_3__uncultured Chloroflexi bacterium;D_4__uncultured Chloroflexi bacterium;D_5__uncultured Chloroflexi bacterium;D_6__uncultured Chloroflexi bacterium
27acc301b790d5bba0820c92ffba2215	D_0__Bacteria;D_1__Chloroflexi;D_2__TK10;Ambiguous_taxa;Ambiguous_taxa;Ambiguous_taxa;Ambiguous_taxa
f0d0bcee674f83816306bfda59be2fb9	D_0__Bacteria;D_1__Patescibacteria;D_2__Saccharimonadia;D_3__Saccharimonadales
19c47d92294df1273b2d21d72b818443	D_0__Bacteria;D_1__Chloroflexi;D_2__KD4-96
1079828a002b1b36915dd24b20892960	D_0__Bacteria;D_1__Proteobacteria;D_2__Alphaproteobacteria;D_3__Rhizobiales;D_4__Xanthobacteraceae;D_5__uncultured
7e6aa8ee25d24f51861fb7bdddf6fac5	D_0__Bacteria;D_1__Proteobacteria;D_2__Alphaproteobacteria;D_3__Rhizobiales;D_4__Xanthobacteraceae;D_5__uncultured
5c5da774f2ce685a6dbbf058c3a9ae4d	D_0__Bacteria;D_1__Acidobacteria;D_2__Blastocatellia (Subgroup 4);D_3__Blastocatellales;D_4__Blastocatellaceae;D_5__uncultured;Ambiguous_taxa
aa1974498dca28c2d6fd314733dea0de	D_0__Bacteria;D_1__Actinobacteria;D_2__Acidimicrobiia;D_3__Microtrichales
86387fbeada6bb0dd3f8141998821d64	D_0__Bacteria;D_1__Acidobacteria;D_2__Blastocatellia (Subgroup 4);D_3__Blastocatellales;D_4__Blastocatellaceae;D_5__uncultured
1e859b9bc15dc8237194df83241d3025	D_0__Bacteria;D_1__Actinobacteria;D_2__Acidimicrobiia;D_3__Microtrichales;D_4__uncultured
58644f76654df96e51074f0d1f7fd9a8	D_0__Bacteria;D_1__Proteobacteria;D_2__Alphaproteobacteria;D_3__Sphingomonadales;D_4__Sphingomonadaceae;D_5__Sphingomonas
69be5289a5da4f3f1c815f675d89e457	D_0__Bacteria;D_1__Chloroflexi;D_2__Chloroflexia;D_3__Chloroflexales;D_4__Roseiflexaceae;D_5__uncultured
a58da088e3c6a589cca6ccd0f2416dff	D_0__Bacteria;D_1__Actinobacteria;D_2__Acidimicrobiia;D_3__Microtrichales;D_4__Ilumatobacteraceae;D_5__uncultured
80a364f5865c3a012f3ea0522137f044	D_0__Bacteria;D_1__Chloroflexi;D_2__Gitt-GS-136;D_3__uncultured Chloroflexi bacterium;D_4__uncultured Chloroflexi bacterium;D_5__uncultured Chloroflexi bacterium;D_6__uncultured Chloroflexi bacterium
b004e87f5b28d4ef8bd1f973ce7070a3	D_0__Bacteria;D_1__Proteobacteria;D_2__Alphaproteobacteria;D_3__Rhizobiales;D_4__Xanthobacteraceae;D_5__Rhodopseudomonas
aa24c0507511a499a567ef295ff9b360	D_0__Bacteria;D_1__Actinobacteria;D_2__Acidimicrobiia;D_3__IMCC26256
67f309e468edde12eafba039a200af61	D_0__Bacteria;D_1__Proteobacteria;D_2__Alphaproteobacteria;D_3__Rhizobiales;D_4__Rhizobiales Incertae Sedis;D_5__Nordella
db6c0785a7cf24a40a85dcaff7a136c5	D_0__Bacteria;D_1__Actinobacteria;D_2__Acidimicrobiia;D_3__Microtrichales;D_4__uncultured
009227ad27bb7fc7fe9d7679a0b1e479	D_0__Bacteria;D_1__Proteobacteria;D_2__Alphaproteobacteria;D_3__Rhizobiales;D_4__Xanthobacteraceae;D_5__Rhodoplanes
2dd0f6e31f71ee2ddcc2ef7f6c66a502	D_0__Bacteria;D_1__Actinobacteria;D_2__Acidimicrobiia;D_3__Microtrichales;D_4__Iamiaceae;D_5__Iamia;Ambiguous_taxa
fe46571d9170d7bd710765f3140eae32	D_0__Bacteria;D_1__Proteobacteria;D_2__Alphaproteobacteria;D_3__Reyranellales;D_4__Reyranellaceae;D_5__Reyranella
b4312a144cf3592495d130cef84bed28	D_0__Bacteria;D_1__Proteobacteria;D_2__Alphaproteobacteria;D_3__Rhizobiales;D_4__Xanthobacteraceae;D_5__uncultured
afa53eb24e27f7ea31c2ac76748d0976	D_0__Bacteria;D_1__Acidobacteria;D_2__Blastocatellia (Subgroup 4);D_3__Blastocatellales;D_4__Blastocatellaceae;D_5__Aridibacter;D_6__uncultured bacterium
4a5c9ce08b3095423b27c7e3aaed14be	D_0__Bacteria;D_1__Chloroflexi;D_2__Chloroflexia;D_3__Chloroflexales;D_4__Roseiflexaceae;D_5__uncultured;D_6__uncultured Chloroflexaceae bacterium
fc13002f000ea407c7e7152b6975fef6	D_0__Bacteria;D_1__Proteobacteria;D_2__Alphaproteobacteria;D_3__Rhizobiales;D_4__Xanthobacteraceae;D_5__uncultured
2613275f435acd50969278ce6e9cadd6	D_0__Bacteria;D_1__Proteobacteria;D_2__Alphaproteobacteria;D_3__Rhizobiales;D_4__KF-JG30-B3
4a35d734b5e6a167456a241fce053ac0	D_0__Bacteria;D_1__Proteobacteria;D_2__Alphaproteobacteria;D_3__Rhizobiales;D_4__Hyphomicrobiaceae;D_5__Hyphomicrobium
abbf76b534a53fa67ab77a132096db2d	D_0__Bacteria;D_1__Actinobacteria;D_2__Acidimicrobiia;D_3__Microtrichales;D_4__Ilumatobacteraceae;D_5__uncultured;Ambiguous_taxa
f314c781345ac6a84e5db0e37432f5e6	D_0__Bacteria;D_1__Actinobacteria;D_2__Acidimicrobiia;D_3__uncultured;Ambiguous_taxa;Ambiguous_taxa;Ambiguous_taxa
15ca2c805dacd75796652076e9f83d15	D_0__Bacteria;D_1__Chloroflexi;D_2__Dehalococcoidia;D_3__S085;Ambiguous_taxa;Ambiguous_taxa;Ambiguous_taxa
9806c5bbfe148f49ad5b776b093c19d8	D_0__Bacteria;D_1__Chloroflexi;D_2__Gitt-GS-136;D_3__uncultured bacterium;D_4__uncultured bacterium;D_5__uncultured bacterium;D_6__uncultured bacterium
1e77be89701330b0b4ff99116334d0a6	D_0__Bacteria;D_1__Planctomycetes;D_2__Phycisphaerae;D_3__Phycisphaerales;D_4__Phycisphaeraceae;D_5__SM1A02;D_6__metagenome
a48beabb6de568138341aed2351f7e08	D_0__Bacteria;D_1__Chloroflexi;D_2__Anaerolineae;D_3__SBR1031;D_4__uncultured soil bacterium;D_5__uncultured soil bacterium;D_6__uncultured soil bacterium
f33c62987b652b3bb78c5e7a6afcd1f1	D_0__Bacteria;D_1__Actinobacteria;D_2__Acidimicrobiia;D_3__Microtrichales;D_4__Ilumatobacteraceae;D_5__Ilumatobacter
cde24e059cab1b651e74c4392038074f	D_0__Bacteria;D_1__Proteobacteria;D_2__Alphaproteobacteria;D_3__Sphingomonadales;D_4__Sphingomonadaceae
510e1076da9c8a26f12305de9f82a272	D_0__Bacteria;D_1__Chloroflexi;D_2__TK10;Ambiguous_taxa;Ambiguous_taxa;Ambiguous_taxa;Ambiguous_taxa
d4be635be56b7a5fbdc71aeafc89e7dc	D_0__Bacteria;D_1__Actinobacteria;D_2__Acidimicrobiia;D_3__Microtrichales;D_4__Ilumatobacteraceae;D_5__uncultured;Ambiguous_taxa
8f15c85c8c22ef934c6d9faf9f3c7e7c	D_0__Bacteria;D_1__Chloroflexi;D_2__Chloroflexia;D_3__Chloroflexales;D_4__Roseiflexaceae;D_5__uncultured
18c1788cbd5a1b47f07d94d538e98a4f	D_0__Bacteria;D_1__Actinobacteria;D_2__Acidimicrobiia;D_3__IMCC26256;Ambiguous_taxa;Ambiguous_taxa;Ambiguous_taxa
88e47142ded9a40c991bb9a62164f336	D_0__Bacteria;D_1__Proteobacteria;D_2__Alphaproteobacteria;D_3__Rhizobiales;D_4__Beijerinckiaceae
c10182d65b97a9d90a56eb617db7519e	D_0__Bacteria;D_1__Proteobacteria;D_2__Alphaproteobacteria;D_3__Rhizobiales;D_4__Methyloligellaceae;D_5__uncultured;Ambiguous_taxa
641058b312600388a54b1f66d6b21604	D_0__Bacteria;D_1__Chloroflexi;D_2__KD4-96;Ambiguous_taxa;Ambiguous_taxa;Ambiguous_taxa;Ambiguous_taxa
def7af594e37cdc2fa16e2f675b5b174	D_0__Bacteria;D_1__Proteobacteria;D_2__Alphaproteobacteria;D_3__Acetobacterales;D_4__Acetobacteraceae;D_5__uncultured;D_6__metagenome
86d73d95a992e79cbc84ec5c6a543335	D_0__Bacteria;D_1__Proteobacteria;D_2__Alphaproteobacteria;D_3__Rhizobiales;D_4__Beijerinckiaceae;D_5__Microvirga
c19c2b55b29f429a8ee8edd9aad5f378	D_0__Bacteria;D_1__Proteobacteria;D_2__Alphaproteobacteria;D_3__Rhizobiales;D_4__Xanthobacteraceae
f028d214013031df32a43c43ce2cfacb	D_0__Bacteria;D_1__Actinobacteria;D_2__Acidimicrobiia;D_3__uncultured;Ambiguous_taxa;Ambiguous_taxa;Ambiguous_taxa
259b87e9b6bb1b0b450a41733708eeef	D_0__Bacteria;D_1__Patescibacteria;D_2__Saccharimonadia;D_3__Saccharimonadales
3086ae716943bcc54a920559842ce6e2	D_0__Bacteria;D_1__Chloroflexi;D_2__TK10;Ambiguous_taxa;Ambiguous_taxa;Ambiguous_taxa;Ambiguous_taxa
488263661e8812248477d4f39113c382	D_0__Bacteria;D_1__Proteobacteria;D_2__Alphaproteobacteria;D_3__Rhizobiales;D_4__Xanthobacteraceae;D_5__uncultured
fe8e4b41716f67454a430336e12f19fe	D_0__Bacteria;D_1__Proteobacteria;D_2__Alphaproteobacteria;D_3__Rickettsiales;D_4__SM2D12;D_5__uncultured bacterium;D_6__uncultured bacterium
519335ba0a9cc277b802a53b482bce49	D_0__Bacteria;D_1__Proteobacteria;D_2__Alphaproteobacteria;D_3__Sphingomonadales;D_4__Sphingomonadaceae;D_5__Sphingomonas
914a2caad8f39f5b8fe502ded3b88b65	D_0__Bacteria;D_1__Actinobacteria;D_2__Acidimicrobiia;D_3__Microtrichales;D_4__Ilumatobacteraceae;D_5__CL500-29 marine group;D_6__metagenome
978da5c2626aba4a8ecc33f58ef7b106	D_0__Bacteria;D_1__Patescibacteria;D_2__uncultured;D_3__uncultured bacterium;D_4__uncultured bacterium;D_5__uncultured bacterium;D_6__uncultured bacterium
ee2e677e3b9232f997635ccccca43187	D_0__Bacteria;D_1__Acidobacteria;D_2__Acidobacteriia;D_3__Solibacterales;D_4__Solibacteraceae (Subgroup 3);D_5__Candidatus Solibacter
3699a67f4fe4cb168fb40ed413b4438b	D_0__Bacteria;D_1__Proteobacteria;D_2__Alphaproteobacteria;D_3__Rhizobiales;D_4__Hyphomicrobiaceae;D_5__Pedomicrobium
686d149350275308e8b95c15cbdd11db	D_0__Bacteria;D_1__Chloroflexi;D_2__TK10;D_3__uncultured Chloroflexus sp.;D_4__uncultured Chloroflexus sp.;D_5__uncultured Chloroflexus sp.;D_6__uncultured Chloroflexus sp.
6603e38e0d601923696d037cea550ea4	D_0__Bacteria;D_1__Chloroflexi;D_2__Chloroflexia;D_3__Chloroflexales;D_4__Roseiflexaceae;D_5__uncultured;D_6__uncultured bacterium
1fc165dcfb38faaf4555a0c9a2d5fb05	D_0__Bacteria;D_1__Actinobacteria;D_2__Acidimicrobiia;D_3__Acidimicrobiales;D_4__Acidimicrobiaceae;D_5__uncultured;D_6__uncultured bacterium
9d8a8d6cc67b40018148dc9d7d3f0e21	D_0__Bacteria;D_1__Actinobacteria;D_2__Acidimicrobiia;D_3__IMCC26256
6602f6e2afadaa103ffadb33e8bc2e23	D_0__Bacteria;D_1__Chloroflexi;D_2__Chloroflexia;D_3__Chloroflexales;D_4__Roseiflexaceae;D_5__uncultured;D_6__uncultured bacterium
58d1ec0aabee551fa1b816d839d2d55f	D_0__Bacteria;D_1__Actinobacteria;D_2__Acidimicrobiia;D_3__IMCC26256;D_4__uncultured Acidimicrobiales bacterium;D_5__uncultured Acidimicrobiales bacterium;D_6__uncultured Acidimicrobiales bacterium
3a8b35f2e2dc2f7b692b862a20e97a04	D_0__Bacteria;D_1__Proteobacteria;D_2__Alphaproteobacteria;D_3__Dongiales;D_4__Dongiaceae;D_5__Dongia
1d9b77640af5589be74ab097fa1a80d3	D_0__Bacteria;D_1__Proteobacteria;D_2__Alphaproteobacteria;D_3__Rhizobiales;D_4__Xanthobacteraceae;D_5__uncultured
b57129d0ade2f57519567460c1cabede	D_0__Bacteria;D_1__Chloroflexi;D_2__Chloroflexia;D_3__Chloroflexales;D_4__Roseiflexaceae;D_5__uncultured;D_6__uncultured bacterium
0016aceac264cb884cf1188da48f7207	D_0__Bacteria;D_1__Acidobacteria;D_2__Acidobacteriia;D_3__Solibacterales;D_4__Solibacteraceae (Subgroup 3);D_5__Candidatus Solibacter
04e5cdfb5632ae3f7b3982ae5ec7b4ab	D_0__Bacteria;D_1__Proteobacteria;D_2__Alphaproteobacteria;D_3__Sphingomonadales;D_4__Sphingomonadaceae
9e1e7ef024fdfdd8e8cf12c6949b684f	D_0__Bacteria;D_1__Actinobacteria;D_2__Acidimicrobiia;D_3__IMCC26256
1f6dadd59778b5c08c96dfe23f1f6187	D_0__Bacteria;D_1__Chloroflexi;D_2__Chloroflexia;D_3__Chloroflexales;D_4__Chloroflexaceae;D_5__FFCH7168;D_6__uncultured bacterium
e90ebbbec9b0c82e0122f18b88d47ea6	D_0__Bacteria;D_1__Actinobacteria;D_2__Acidimicrobiia;D_3__IMCC26256
d0ca030ea6293723422ad9a30ab24f53	D_0__Bacteria;D_1__Proteobacteria;D_2__Alphaproteobacteria;D_3__Rhizobiales;D_4__Rhizobiaceae;D_5__uncultured;D_6__metagenome
b500cd0da144fa2f1ca0611bbb5b3c92	D_0__Bacteria;D_1__Actinobacteria;D_2__Acidimicrobiia;D_3__Microtrichales;D_4__Ilumatobacteraceae;D_5__uncultured;Ambiguous_taxa
35698c8dbeefeff3caa416a233de1fae	D_0__Bacteria;D_1__Proteobacteria;D_2__Alphaproteobacteria;D_3__Rhizobiales;D_4__Methyloligellaceae;D_5__uncultured
37b7a5dba1759daaace73cfe3c00da0d	D_0__Bacteria;D_1__Proteobacteria;D_2__Alphaproteobacteria;D_3__Rhizobiales;D_4__Xanthobacteraceae;D_5__uncultured
b598f3d76583580d00c0d263e0571214	D_0__Bacteria;D_1__Actinobacteria;D_2__Acidimicrobiia;D_3__Microtrichales;D_4__uncultured;D_5__uncultured bacterium;D_6__uncultured bacterium
bfabe0fe2d1282511992523d2f010f6f	D_0__Bacteria;D_1__Proteobacteria;D_2__Alphaproteobacteria;D_3__Rhizobiales;D_4__Xanthobacteraceae
0165e05c6e06a03c0728a8c44ddb3015	D_0__Bacteria;D_1__Chloroflexi;D_2__TK10;D_3__uncultured Chloroflexi bacterium;D_4__uncultured Chloroflexi bacterium;D_5__uncultured Chloroflexi bacterium;D_6__uncultured Chloroflexi bacterium
d2f38b69d4f76b4fe6d9fd56ef193b62	D_0__Bacteria;D_1__Proteobacteria;D_2__Alphaproteobacteria;D_3__Rhizobiales;D_4__Xanthobacteraceae;D_5__uncultured
a7981578445a819eefb77fe9cce65945	D_0__Bacteria;D_1__Actinobacteria;D_2__Acidimicrobiia;D_3__IMCC26256
70837f31c10cd7885328e69ecf66bdbc	D_0__Bacteria;D_1__Proteobacteria;D_2__Alphaproteobacteria;D_3__uncultured;D_4__bacterium enrichment culture clone Anammox_49;D_5__bacterium enrichment culture clone Anammox_49;D_6__bacterium enrichment culture clone Anammox_49
7e5df417da40f2c7951e12d31eaeefa3	D_0__Bacteria;D_1__Proteobacteria;D_2__Alphaproteobacteria;D_3__Rhizobiales;D_4__Xanthobacteraceae;D_5__uncultured;D_6__Bradyrhizobium sp. Shinshu-th2
3d3c10aea3ea3f8f2ee0a6e6127d0f8d	D_0__Bacteria;D_1__Acidobacteria;D_2__Acidobacteriia;D_3__Solibacterales;D_4__Solibacteraceae (Subgroup 3);D_5__Candidatus Solibacter
88ca89a2cab3ebd68729b2efe9cc8175	D_0__Bacteria;D_1__Proteobacteria;D_2__Alphaproteobacteria;D_3__Rhizobiales;D_4__Xanthobacteraceae
286163379f05007d1250a735121aa97b	D_0__Bacteria;D_1__Proteobacteria;D_2__Alphaproteobacteria;D_3__Rhizobiales;D_4__Xanthobacteraceae
c8ef4f2beb317a90af2d30e1a98c1310	D_0__Bacteria;D_1__Actinobacteria;D_2__Acidimicrobiia;D_3__IMCC26256
1d75257a33d899b222cc39c5a0f75047	D_0__Bacteria;D_1__Patescibacteria;D_2__Saccharimonadia;D_3__Saccharimonadales
3c9964cbdcf94787fdca895a12c6efe6	D_0__Bacteria;D_1__Actinobacteria;D_2__Thermoleophilia;D_3__Gaiellales;D_4__uncultured;D_5__uncultured bacterium;D_6__uncultured bacterium
6e917f7f17419206e54c11c4ff51aab5	D_0__Bacteria;D_1__Acidobacteria;D_2__Blastocatellia (Subgroup 4);D_3__11-24
09af4458865dfcefbcf839a325002e07	D_0__Bacteria;D_1__Chloroflexi;D_2__TK10;Ambiguous_taxa;Ambiguous_taxa;Ambiguous_taxa;Ambiguous_taxa
162837ee68c1bad5f2e4cbdd4796aa6e	D_0__Bacteria;D_1__Proteobacteria;D_2__Alphaproteobacteria;D_3__Elsterales;D_4__uncultured;D_5__metagenome;D_6__metagenome
abdde07414befce0b7684ba5f819b38c	D_0__Bacteria;D_1__Proteobacteria;D_2__Alphaproteobacteria;D_3__Rhizobiales;D_4__Xanthobacteraceae;D_5__uncultured
26f1d621cce22cdbdfa28307be02c310	D_0__Bacteria;D_1__Chloroflexi;D_2__SHA-26;D_3__uncultured bacterium;D_4__uncultured bacterium;D_5__uncultured bacterium;D_6__uncultured bacterium
d08531e74631f290c8b328b12c5eff90	D_0__Bacteria;D_1__Chloroflexi;D_2__Anaerolineae;D_3__SBR1031;D_4__uncultured bacterium;D_5__uncultured bacterium;D_6__uncultured bacterium
474340947856d1a21c31d86fcb4176b4	D_0__Bacteria;D_1__Proteobacteria;D_2__Alphaproteobacteria;D_3__Reyranellales;D_4__Reyranellaceae;D_5__Reyranella
7bb8beb4eddf24e7b1f3ca9dd0b3d60a	D_0__Bacteria;D_1__Proteobacteria;D_2__Alphaproteobacteria;D_3__Rhizobiales;D_4__Xanthobacteraceae;D_5__uncultured
21ef841f0795d715de0c4a4304ce5c55	D_0__Bacteria;D_1__Actinobacteria;D_2__Acidimicrobiia
eb886ed2c33b645e6ab18d43d833ef06	D_0__Bacteria;D_1__Proteobacteria;D_2__Alphaproteobacteria;D_3__Rhizobiales;D_4__Xanthobacteraceae;D_5__Bradyrhizobium
0f5614b1c4f9a855c40c916a8f2364b0	D_0__Bacteria;D_1__Chloroflexi;D_2__TK10;Ambiguous_taxa;Ambiguous_taxa;Ambiguous_taxa;Ambiguous_taxa
e867e1f6e3af7569cec1d96c701c7e84	D_0__Bacteria;D_1__Patescibacteria;D_2__uncultured;D_3__uncultured bacterium;D_4__uncultured bacterium;D_5__uncultured bacterium;D_6__uncultured bacterium
136dc415ae9dae23f3fefd8e58f4f3fb	D_0__Bacteria;D_1__Actinobacteria;D_2__Acidimicrobiia;D_3__Microtrichales;D_4__Ilumatobacteraceae;D_5__uncultured
725eb403e84e446b7cf7d9e8284fd7b4	D_0__Bacteria;D_1__Chloroflexi;D_2__Dehalococcoidia;D_3__S085;D_4__metagenome;D_5__metagenome;D_6__metagenome
dd595f12ade0fd6fc019e5f0fd484908	D_0__Bacteria;D_1__Proteobacteria;D_2__Alphaproteobacteria;D_3__Rhizobiales;D_4__Xanthobacteraceae;D_5__uncultured
25ea888309ccdf6573eb0e2a6d64f675	D_0__Bacteria;D_1__Chloroflexi;D_2__TK10;D_3__uncultured Chloroflexus sp.;D_4__uncultured Chloroflexus sp.;D_5__uncultured Chloroflexus sp.;D_6__uncultured Chloroflexus sp.
a510543b4310e4f8d3aa1e3a8f85f60c	D_0__Bacteria;D_1__Acidobacteria;D_2__Blastocatellia (Subgroup 4);D_3__Blastocatellales;D_4__Blastocatellaceae;D_5__Aridibacter;D_6__uncultured bacterium
b6fe531a0b7cf8a05caafea57bf11693	D_0__Bacteria;D_1__Planctomycetes;D_2__Phycisphaerae;D_3__Phycisphaerales;D_4__Phycisphaeraceae;D_5__SM1A02;D_6__uncultured soil bacterium
c0d1776d15d4e938662b1a8e31cb55f2	D_0__Bacteria;D_1__Actinobacteria;D_2__Acidimicrobiia
3e9ab45d8667181183ee379949d72289	D_0__Bacteria;D_1__Proteobacteria;D_2__Alphaproteobacteria;D_3__Caulobacterales;D_4__Caulobacteraceae
de8e0da230de6957b4349caa1b4b4e82	D_0__Bacteria;D_1__Proteobacteria;D_2__Alphaproteobacteria;D_3__Rickettsiales;D_4__SM2D12;D_5__uncultured bacterium;D_6__uncultured bacterium
7691b4d01524cc0886ff0e4e3989302d	D_0__Bacteria;D_1__Proteobacteria;D_2__Alphaproteobacteria;D_3__Rhizobiales;D_4__Xanthobacteraceae;D_5__Rhodoplanes
52bf58dc5c22e0f6a564897801386dbf	D_0__Bacteria;D_1__Actinobacteria;D_2__Thermoleophilia;D_3__Solirubrobacterales;D_4__67-14
3f1b9f4e79e9adc3c92aff10fa267114	D_0__Bacteria;D_1__Chloroflexi;D_2__KD4-96;Ambiguous_taxa;Ambiguous_taxa;Ambiguous_taxa;Ambiguous_taxa
c154c861bf27c8ca9118d5ff8f75e869	D_0__Bacteria;D_1__Proteobacteria;D_2__Alphaproteobacteria;D_3__Sphingomonadales;D_4__Sphingomonadaceae;D_5__Sphingomonas
e78b3039f2fee01eb116b48f296152ce	D_0__Bacteria;D_1__Actinobacteria;D_2__Acidimicrobiia;D_3__Microtrichales;D_4__Iamiaceae;D_5__Iamia
820a6d5178456bd23154722662cb606d	D_0__Bacteria;D_1__Chloroflexi;D_2__KD4-96
be6f307956af48f9f4b838d397acdc5e	D_0__Bacteria;D_1__Proteobacteria;D_2__Alphaproteobacteria;D_3__Rhizobiales;D_4__Xanthobacteraceae;D_5__uncultured
f65a748cd36ec1cd2393bbd7d38db324	D_0__Bacteria;D_1__Chloroflexi;D_2__Chloroflexia;D_3__Chloroflexales;D_4__Chloroflexaceae;D_5__Oscillochloris;D_6__uncultured Chloroflexi bacterium
fa8c5f8b1172f8778bd183485871b6f4	D_0__Bacteria;D_1__Proteobacteria;D_2__Alphaproteobacteria;D_3__Rhizobiales;D_4__Xanthobacteraceae;D_5__uncultured
19382b98b6c8364b163f5164b624d8cc	D_0__Bacteria;D_1__Proteobacteria;D_2__Deltaproteobacteria;D_3__Myxococcales;D_4__Sandaracinaceae;D_5__uncultured
5276b27f9a47a8b4fa1e04f581fa3292	D_0__Bacteria;D_1__Proteobacteria;D_2__Alphaproteobacteria;D_3__Reyranellales;D_4__Reyranellaceae;D_5__Reyranella;D_6__bacterium Ellin346
25387c3a425eb055c59180683439e8f7	D_0__Bacteria;D_1__Proteobacteria;D_2__Alphaproteobacteria;D_3__Rhizobiales;D_4__Xanthobacteraceae
45e933c0dfe50fb4ab7f02f1e01fa1e7	D_0__Bacteria;D_1__Actinobacteria;D_2__Acidimicrobiia;D_3__Microtrichales;D_4__Ilumatobacteraceae;D_5__uncultured;D_6__metagenome
6e86a49e9c6056aeaf9ea822252d2b78	D_0__Bacteria;D_1__Chloroflexi;D_2__Chloroflexia;D_3__Chloroflexales;D_4__Roseiflexaceae;D_5__uncultured
d4038ce269a0f4979572856dfa5c6b38	D_0__Bacteria;D_1__Proteobacteria;D_2__Alphaproteobacteria;D_3__Rhizobiales;D_4__Rhizobiaceae
5101eac6001e37e051ef558c08df0f22	D_0__Bacteria;D_1__Actinobacteria;D_2__Acidimicrobiia;D_3__Microtrichales;D_4__Ilumatobacteraceae;D_5__uncultured
162c5f91199891e8e7696147dc57ffb8	D_0__Bacteria;D_1__Chloroflexi;D_2__KD4-96;D_3__uncultured bacterium;D_4__uncultured bacterium;D_5__uncultured bacterium;D_6__uncultured bacterium
393302612b70003f313c316a9a0af40f	D_0__Bacteria;D_1__Chloroflexi;D_2__KD4-96;Ambiguous_taxa;Ambiguous_taxa;Ambiguous_taxa;Ambiguous_taxa
645a3a109884d526e8ad304ed9a0c58d	D_0__Bacteria;D_1__Chloroflexi;D_2__KD4-96
50f2368c8a1b7ecdc1a49f17fc039b20	D_0__Bacteria;D_1__Proteobacteria;D_2__Alphaproteobacteria;D_3__Rhizobiales;D_4__Xanthobacteraceae
03f7e0e57c17d42995304d693cebefcd	D_0__Bacteria;D_1__Proteobacteria;D_2__Alphaproteobacteria;D_3__Dongiales;D_4__Dongiaceae;D_5__Dongia;D_6__metagenome
faed5a1c37a631e2a59e1a7cefeda190	D_0__Bacteria;D_1__Actinobacteria;D_2__Acidimicrobiia;D_3__Microtrichales;D_4__Ilumatobacteraceae;D_5__CL500-29 marine group
5d3d9005d8dbbd515f213e10ccab60f6	D_0__Bacteria;D_1__Actinobacteria;D_2__Thermoleophilia;D_3__Gaiellales;D_4__uncultured;D_5__uncultured Conexibacteraceae bacterium;D_6__uncultured Conexibacteraceae bacterium
da15fc53c27640d824b64b971522342b	D_0__Bacteria;D_1__Proteobacteria;D_2__Alphaproteobacteria;D_3__Sphingomonadales;D_4__Sphingomonadaceae;D_5__Ellin6055
239d65197c72face5e8771757e24d388	D_0__Bacteria;D_1__Chloroflexi;D_2__KD4-96;D_3__bacterium Ellin6529;D_4__bacterium Ellin6529;D_5__bacterium Ellin6529;D_6__bacterium Ellin6529
e9218322053fd59f6b4d49babe5f7904	D_0__Bacteria;D_1__Actinobacteria;D_2__Acidimicrobiia;D_3__uncultured;D_4__uncultured Acidimicrobidae bacterium;D_5__uncultured Acidimicrobidae bacterium;D_6__uncultured Acidimicrobidae bacterium
8d8cc935c20cefb2a4eaf93244fe60e0	D_0__Bacteria;D_1__Proteobacteria;D_2__Alphaproteobacteria;D_3__Tistrellales;D_4__Geminicoccaceae;D_5__uncultured
4806f1ca68fddc40c8dbac2d3597f3f0	D_0__Bacteria;D_1__Proteobacteria;D_2__Alphaproteobacteria;D_3__Rhizobiales;D_4__Methyloligellaceae;D_5__uncultured
93c7710e6e8097d8a01297e443a99acf	D_0__Bacteria;D_1__Proteobacteria;D_2__Alphaproteobacteria;D_3__Rhizobiales;D_4__Xanthobacteraceae
662cb938674576d1011c490cb4870f93	D_0__Bacteria;D_1__Chloroflexi;D_2__TK10;D_3__uncultured Chloroflexi bacterium;D_4__uncultured Chloroflexi bacterium;D_5__uncultured Chloroflexi bacterium;D_6__uncultured Chloroflexi bacterium
c8ac0032d265655d1189e57e654ccee4	D_0__Bacteria;D_1__Chloroflexi;D_2__KD4-96;D_3__uncultured bacterium;D_4__uncultured bacterium;D_5__uncultured bacterium;D_6__uncultured bacterium
f7887703aab9d3fa87a9a4b346e9e0f0	D_0__Bacteria;D_1__Actinobacteria;D_2__Actinobacteria
42e2756b4d4912559c7e52ff030701dd	D_0__Bacteria;D_1__Actinobacteria;D_2__Acidimicrobiia;D_3__uncultured;D_4__uncultured bacterium;D_5__uncultured bacterium;D_6__uncultured bacterium
ca9d6b67beceff96a4e2ee7ddfae8942	D_0__Bacteria;D_1__Proteobacteria;D_2__Alphaproteobacteria;D_3__Caulobacterales;D_4__Caulobacteraceae;D_5__Phenylobacterium
028e6febc1388ee73576a50e2d53d708	D_0__Bacteria;D_1__Actinobacteria;D_2__Acidimicrobiia;D_3__Microtrichales;D_4__Ilumatobacteraceae;D_5__uncultured;D_6__uncultured bacterium
4a9baff0cfd40d82318d84600bf5b533	D_0__Bacteria;D_1__Proteobacteria;D_2__Alphaproteobacteria;D_3__Rhizobiales;D_4__Xanthobacteraceae;D_5__uncultured
22632c954ef155ebb0c3d54d46fac742	D_0__Bacteria;D_1__Actinobacteria;D_2__Coriobacteriia;D_3__Coriobacteriales;D_4__Coriobacteriaceae;D_5__Collinsella
b3a0feea9a5ea74add6fca3d1148c4bb	D_0__Bacteria;D_1__Proteobacteria;D_2__Alphaproteobacteria;D_3__Dongiales;D_4__Dongiaceae;D_5__Dongia;D_6__uncultured Rhodospirillaceae bacterium
98c6cb4bad469d5beea8606d8eb7f64a	D_0__Bacteria;D_1__Proteobacteria;D_2__Alphaproteobacteria;D_3__Rhizobiales;D_4__Xanthobacteraceae;D_5__Bradyrhizobium
f72ea3cd46c720b071b79916607c8ef2	D_0__Bacteria;D_1__Proteobacteria;D_2__Alphaproteobacteria;D_3__Rhizobiales;D_4__Beijerinckiaceae;D_5__Methylobacterium
8c42e117168d562f9624ebabc24fe837	D_0__Bacteria;D_1__Proteobacteria;D_2__Alphaproteobacteria;D_3__Rhizobiales;D_4__Rhizobiaceae;D_5__Aureimonas;Ambiguous_taxa
4fad55daa352356af40293871c2a8150	D_0__Bacteria;D_1__Cyanobacteria;D_2__Oxyphotobacteria;D_3__Chloroplast;D_4__Phaseolus acutifolius (tepary bean);D_5__Phaseolus acutifolius (tepary bean);D_6__Phaseolus acutifolius (tepary bean)
903b39b20fbb6de84cb8f77a87efd105	D_0__Bacteria;D_1__Cyanobacteria;D_2__Oxyphotobacteria;D_3__Chloroplast;D_4__Phaseolus acutifolius (tepary bean);D_5__Phaseolus acutifolius (tepary bean);D_6__Phaseolus acutifolius (tepary bean)
16862f101b4b990c3e44bf3063cf1280	D_0__Bacteria;D_1__Proteobacteria;D_2__Alphaproteobacteria;D_3__Rhizobiales;D_4__Devosiaceae;D_5__Devosia
772d8a2652af08e2523e46a6779f8125	D_0__Bacteria;D_1__Proteobacteria;D_2__Alphaproteobacteria;D_3__Rickettsiales;D_4__Mitochondria
a2f80875fa85dcd66e2f1959752d9574	D_0__Bacteria;D_1__Cyanobacteria;D_2__Oxyphotobacteria;D_3__Chloroplast
c19e2517487b1cdc764ac320f3ec0a20	D_0__Bacteria;D_1__Proteobacteria;D_2__Alphaproteobacteria;D_3__Sphingomonadales;D_4__Sphingomonadaceae;D_5__Sphingomonas
a510333a2fbb9b9ce7f4c5ed2f3de889	D_0__Bacteria;D_1__Proteobacteria;D_2__Alphaproteobacteria;D_3__Sphingomonadales;D_4__Sphingomonadaceae;D_5__Novosphingobium
98cedaeb6530038a7c03909a8fffac4d	D_0__Bacteria;D_1__Proteobacteria;D_2__Alphaproteobacteria;D_3__Rhizobiales;D_4__Beijerinckiaceae;D_5__Methylobacterium
37e9605fff775ec9bd4f333e32d52bd3	D_0__Bacteria;D_1__Proteobacteria;D_2__Alphaproteobacteria;D_3__Rhizobiales;D_4__Beijerinckiaceae;D_5__Methylobacterium
a4782f2ae7b1604fbcb0c18e175821d4	D_0__Bacteria;D_1__Proteobacteria;D_2__Alphaproteobacteria;D_3__Sphingomonadales;D_4__Sphingomonadaceae;D_5__Sphingomonas
d4ef60beb3b3260a20163272e4fc745e	D_0__Bacteria;D_1__Proteobacteria;D_2__Alphaproteobacteria;D_3__Sphingomonadales;D_4__Sphingomonadaceae;D_5__Ellin6055
3e5cd1aec50e91f283b7ae39e5ce5305	D_0__Bacteria;D_1__Proteobacteria;D_2__Alphaproteobacteria;D_3__Sphingomonadales;D_4__Sphingomonadaceae;D_5__Sphingomonas
70c482e5e6f104de62907daff37a1bf3	D_0__Bacteria;D_1__Proteobacteria;D_2__Alphaproteobacteria;D_3__Acetobacterales;D_4__Acetobacteraceae;D_5__Roseomonas
8fba677467d7763d42ff19c7808c260c	D_0__Bacteria;D_1__Proteobacteria;D_2__Alphaproteobacteria;D_3__Rhizobiales;D_4__Beijerinckiaceae;D_5__Methylobacterium;D_6__Methylobacterium aquaticum
701c745fd67c483c62b246c2f09c668c	D_0__Bacteria;D_1__Proteobacteria;D_2__Alphaproteobacteria;D_3__Rickettsiales;D_4__Mitochondria
e8070ad27cd0e281339ef3835f84d67a	D_0__Bacteria;D_1__Proteobacteria;D_2__Alphaproteobacteria;D_3__Rhizobiales;D_4__Rhizobiaceae
5ef0b8fa11de0d83a94e9dad9f10fe90	D_0__Bacteria;D_1__Proteobacteria;D_2__Alphaproteobacteria;D_3__Acetobacterales;D_4__Acetobacteraceae;D_5__Roseomonas
34696bffd39645b69e030241a1e51a4d	D_0__Bacteria;D_1__Proteobacteria;D_2__Alphaproteobacteria;D_3__Sphingomonadales;D_4__Sphingomonadaceae;D_5__Sphingobium
35063d565ed6d1af9b7de4859f30ecca	D_0__Bacteria;D_1__Proteobacteria;D_2__Alphaproteobacteria;D_3__Sphingomonadales;D_4__Sphingomonadaceae;D_5__Novosphingobium
cf20c8e5d9e7a5b9037c1409e50cb30a	D_0__Bacteria;D_1__Proteobacteria;D_2__Alphaproteobacteria;D_3__Acetobacterales;D_4__Acetobacteraceae
02d868e57a8b3ff2b41f6af9bc701524	D_0__Bacteria;D_1__Proteobacteria;D_2__Alphaproteobacteria;D_3__Rickettsiales;D_4__Midichloriaceae;D_5__Candidatus Jidaibacter;Ambiguous_taxa
8cc654557f050518c6394ca18123e4ff	D_0__Bacteria;D_1__Proteobacteria;D_2__Alphaproteobacteria;D_3__Sphingomonadales;D_4__Sphingomonadaceae
70561cdfb4fbc25afb1effe64a2e7838	D_0__Bacteria;D_1__Proteobacteria;D_2__Alphaproteobacteria;D_3__Sphingomonadales;D_4__Sphingomonadaceae;D_5__Sphingomonas
a4ee17c632bbd8bf8c211d0fb78cf545	D_0__Bacteria;D_1__Proteobacteria;D_2__Alphaproteobacteria;D_3__Rhizobiales;D_4__Beijerinckiaceae;D_5__Methylobacterium
cec9f0182b66ba39b3ec8ef9bac87b71	D_0__Bacteria;D_1__Proteobacteria;D_2__Alphaproteobacteria;D_3__Sphingomonadales;D_4__Sphingomonadaceae;D_5__Sphingomonas
a7e25f726a09efed0923780c39a31db4	D_0__Bacteria;D_1__Cyanobacteria;D_2__Oxyphotobacteria;D_3__Chloroplast;D_4__Phaseolus acutifolius (tepary bean);D_5__Phaseolus acutifolius (tepary bean);D_6__Phaseolus acutifolius (tepary bean)
33b08f02f0e9521743a2a578c942804e	D_0__Bacteria;D_1__Cyanobacteria;D_2__Oxyphotobacteria;D_3__Chloroplast;D_4__Phaseolus acutifolius (tepary bean);D_5__Phaseolus acutifolius (tepary bean);D_6__Phaseolus acutifolius (tepary bean)
1cc3621b888b61155dcf0178fcae79d1	D_0__Bacteria;D_1__Proteobacteria;D_2__Alphaproteobacteria;D_3__Rhizobiales;D_4__Rhizobiaceae;D_5__Aurantimonas
5ff8662813ce6b082b5e6869a9e9196a	D_0__Bacteria;D_1__Proteobacteria;D_2__Alphaproteobacteria;D_3__Rhizobiales;D_4__Beijerinckiaceae;D_5__Methylobacterium
442ac228a79cc09a8ab8718b5905c32c	D_0__Bacteria;D_1__Proteobacteria;D_2__Deltaproteobacteria;D_3__Myxococcales;D_4__Archangiaceae;D_5__Melittangium;Ambiguous_taxa
265d0173a748c94d6c09c6eae3c2fb37	D_0__Bacteria;D_1__Proteobacteria;D_2__Alphaproteobacteria;D_3__Caulobacterales;D_4__Hyphomonadaceae;D_5__SWB02;D_6__metagenome
f6b662b4000eae8cf4c4652e19e8ea78	D_0__Bacteria;D_1__Proteobacteria;D_2__Alphaproteobacteria;D_3__Rhizobiales;D_4__Xanthobacteraceae
55c85f90fcaecbc45aed6646927f82dd	D_0__Bacteria;D_1__Patescibacteria;D_2__Parcubacteria;D_3__Candidatus Yanofskybacteria
771a3e2d7594ed6fa931aeb51a96b820	D_0__Bacteria;D_1__Proteobacteria;D_2__Alphaproteobacteria;D_3__Dongiales;D_4__Dongiaceae;D_5__Dongia
ba5cdad7937684b6f0c088d0d8830642	D_0__Bacteria;D_1__Proteobacteria;D_2__Alphaproteobacteria;D_3__Rhizobiales;D_4__Xanthobacteraceae;D_5__uncultured
98cfafb504e9ee4ad4338d2748cf6c38	D_0__Bacteria;D_1__Actinobacteria;D_2__Acidimicrobiia;D_3__IMCC26256;D_4__uncultured Acidothermaceae bacterium;D_5__uncultured Acidothermaceae bacterium;D_6__uncultured Acidothermaceae bacterium
bd61398e04fc8882e1d735bebaeb6955	D_0__Bacteria;D_1__Proteobacteria;D_2__Alphaproteobacteria;D_3__Caulobacterales;D_4__Hyphomonadaceae;D_5__uncultured;D_6__uncultured bacterium
ffb921b69b5b294ffffc2be6001a2e65	D_0__Bacteria;D_1__Proteobacteria;D_2__Alphaproteobacteria;D_3__Dongiales;D_4__Dongiaceae;D_5__Dongia;D_6__uncultured Rhodospirillaceae bacterium
1afbe401b0dc6f797a10c5e51110cc7b	D_0__Bacteria;D_1__Chloroflexi;D_2__Anaerolineae;D_3__SBR1031;D_4__uncultured bacterium;D_5__uncultured bacterium;D_6__uncultured bacterium
e5cd06649bb077bdbeda24e4e1552d25	D_0__Bacteria;D_1__Chloroflexi;D_2__KD4-96;D_3__bacterium Ellin6529;D_4__bacterium Ellin6529;D_5__bacterium Ellin6529;D_6__bacterium Ellin6529
1c5f925b7743237cdd69aaa196bd4e8e	D_0__Bacteria;D_1__Planctomycetes;D_2__Pla4 lineage;Ambiguous_taxa;Ambiguous_taxa;Ambiguous_taxa;Ambiguous_taxa
c8494bbd9fd7673063b6e283cbeb2412	D_0__Bacteria;D_1__Chloroflexi;D_2__Anaerolineae;D_3__RBG-13-54-9
f755dccb447a0dd1c7af5c981a439fb5	D_0__Bacteria;D_1__Chloroflexi;D_2__KD4-96;Ambiguous_taxa;Ambiguous_taxa;Ambiguous_taxa;Ambiguous_taxa
12f2dcf82e11f8387b45b190b146e15e	D_0__Bacteria;D_1__Proteobacteria;D_2__Alphaproteobacteria;D_3__Rhizobiales;D_4__Xanthobacteraceae
b4bb794a4e4fbe81ac5baa1c39e42607	D_0__Bacteria;D_1__Acidobacteria;D_2__Acidobacteriia;D_3__Solibacterales;D_4__Solibacteraceae (Subgroup 3);D_5__Bryobacter
2a14b01eed7362d726b3dd930b4bb444	D_0__Bacteria;D_1__Chloroflexi;D_2__KD4-96
696a6215356f8e43f38ae5cc7fbaaa04	D_0__Bacteria;D_1__Proteobacteria;D_2__Alphaproteobacteria;D_3__Dongiales;D_4__Dongiaceae;D_5__Dongia
dca2ddb77890371f44676ce4e2521fce	D_0__Bacteria;D_1__Proteobacteria;D_2__Alphaproteobacteria;D_3__Caulobacterales;D_4__Hyphomonadaceae;D_5__uncultured;D_6__uncultured bacterium
14aed0e528a3adc4f7d32a2e05463dd0	D_0__Bacteria;D_1__Chloroflexi;D_2__Anaerolineae;D_3__Anaerolineales;D_4__Anaerolineaceae;D_5__uncultured;D_6__metagenome
3e8fed69c76a87cc70d587eb3e8a36c3	D_0__Bacteria;D_1__Chloroflexi;D_2__Chloroflexia;D_3__Chloroflexales;D_4__Roseiflexaceae;D_5__uncultured;D_6__uncultured bacterium
41edbcb4ec4a57c470810fb4b9ac9131	D_0__Bacteria;D_1__Proteobacteria;D_2__Alphaproteobacteria;D_3__Sphingomonadales;D_4__Sphingomonadaceae;D_5__Sphingomonas
ff8b2d35b6bdefb8a7d2d150aea40eed	D_0__Bacteria;D_1__Planctomycetes;D_2__Phycisphaerae;D_3__Phycisphaerales;D_4__Phycisphaeraceae;D_5__AKYG587;D_6__uncultured bacterium
ccc6a6d119cae0670cd314c723307b61	D_0__Bacteria;D_1__Proteobacteria;D_2__Alphaproteobacteria;D_3__Caulobacterales;D_4__Hyphomonadaceae;D_5__SWB02;D_6__uncultured bacterium
035bcb15a989437b267389df85f99a02	D_0__Bacteria;D_1__Proteobacteria;D_2__Alphaproteobacteria;D_3__Dongiales;D_4__Dongiaceae;D_5__Dongia
46dbbd1ff5834fbd78c4c540883f9517	D_0__Bacteria;D_1__Proteobacteria;D_2__Alphaproteobacteria;D_3__Rhizobiales;D_4__Methyloligellaceae;D_5__uncultured;Ambiguous_taxa
c68e6290eef0d1ef9b9641b50a58dc13	D_0__Bacteria;D_1__Acidobacteria;D_2__Acidobacteriia;D_3__Solibacterales;D_4__Solibacteraceae (Subgroup 3);D_5__Candidatus Solibacter
4325ae29d095616024f65a8e4566b298	D_0__Bacteria;D_1__Proteobacteria;D_2__Alphaproteobacteria;D_3__Rhizobiales;D_4__Rhizobiaceae;D_5__Mesorhizobium
59d23fbb85c28bb8711489ae1d598551	D_0__Bacteria;D_1__Chloroflexi;D_2__Dehalococcoidia;D_3__S085;D_4__metagenome;D_5__metagenome;D_6__metagenome
0e139fded4ab56f73b609fe6388a9e13	D_0__Bacteria;D_1__Proteobacteria;D_2__Alphaproteobacteria;D_3__Rhizobiales;D_4__Hyphomicrobiaceae;D_5__uncultured
a6c364274e004370847d3d13726898eb	D_0__Bacteria;D_1__Chloroflexi;D_2__Anaerolineae;D_3__SBR1031;D_4__uncultured bacterium;D_5__uncultured bacterium;D_6__uncultured bacterium
06985d3694f4a0f5f60efeee958e8cd0	D_0__Bacteria;D_1__Chloroflexi;D_2__KD4-96
dbd1b0c600500429034d21b59f616949	D_0__Bacteria;D_1__Proteobacteria;D_2__Alphaproteobacteria;D_3__Rhizobiales;D_4__Devosiaceae;D_5__Devosia
26c52ed35973adcae31f0e2ee6f59ef8	D_0__Bacteria;D_1__Planctomycetes;D_2__Phycisphaerae;D_3__Phycisphaerales;D_4__Phycisphaeraceae;D_5__SM1A02
cd8af3ed429dabe79d906ca701eacbe3	D_0__Bacteria;D_1__Proteobacteria;D_2__Alphaproteobacteria;D_3__uncultured
d3065018105de246d8094170e2e4a652	D_0__Bacteria;D_1__Proteobacteria;D_2__Alphaproteobacteria;D_3__Sphingomonadales;D_4__Sphingomonadaceae;D_5__Altererythrobacter
ccb178d307ac47a44bd5d95f55dbd516	D_0__Bacteria;D_1__Proteobacteria;D_2__Alphaproteobacteria;D_3__Rhizobiales;D_4__Xanthobacteraceae;D_5__uncultured
8d83615ecce2b69e237777dea639c9f0	D_0__Bacteria;D_1__Proteobacteria;D_2__Alphaproteobacteria;D_3__Caulobacterales;D_4__Hyphomonadaceae;D_5__SWB02;D_6__metagenome
145338defe0c1efbaea1a75062acc4f3	D_0__Bacteria;D_1__Chloroflexi;D_2__Anaerolineae;D_3__SBR1031;D_4__A4b;D_5__uncultured bacterium;D_6__uncultured bacterium
b2afb0c145f33b4cdd690c3c3a06c3eb	D_0__Bacteria;D_1__Patescibacteria;D_2__Saccharimonadia;D_3__Saccharimonadales
b2e8e1a268d8c797d55cc46f5a8f5949	D_0__Bacteria;D_1__Proteobacteria;D_2__Alphaproteobacteria;D_3__Rhizobiales;D_4__Xanthobacteraceae;D_5__uncultured
b1359105b55c2640cbc57df52404941d	D_0__Bacteria;D_1__Proteobacteria;D_2__Alphaproteobacteria;D_3__Micropepsales;D_4__Micropepsaceae;D_5__uncultured
185e5ede48aab6cf0969fa78335e591c	D_0__Bacteria;D_1__Proteobacteria;D_2__Alphaproteobacteria;D_3__Rhizobiales;D_4__Xanthobacteraceae;D_5__Rhodoplanes
522a31682c487e000a27813975d1b1f4	D_0__Bacteria;D_1__Chloroflexi;D_2__Chloroflexia;D_3__Chloroflexales;D_4__Roseiflexaceae;D_5__uncultured;D_6__uncultured Chloroflexi bacterium
1345e78d01117ebbd9857cfe1fec795b	D_0__Bacteria;D_1__Proteobacteria;D_2__Alphaproteobacteria;D_3__Micropepsales;D_4__Micropepsaceae;D_5__uncultured
95e13d777a8b58dbc32d96fc1d224954	D_0__Bacteria;D_1__Proteobacteria;D_2__Alphaproteobacteria;D_3__Rhizobiales;D_4__Xanthobacteraceae;D_5__uncultured
a77ce2bea23e385b7903334976d24fbc	D_0__Bacteria;D_1__Proteobacteria;D_2__Alphaproteobacteria;D_3__Rhizobiales;D_4__Xanthobacteraceae;D_5__Rhodoplanes
cd817d476e95503ff2337dda5d7637ab	D_0__Bacteria;D_1__Acidobacteria;D_2__Blastocatellia (Subgroup 4);D_3__Blastocatellales;D_4__Blastocatellaceae;D_5__Aridibacter;D_6__uncultured bacterium
92ed69d70ae66f2a79cc67515c5dfa3d	D_0__Bacteria;D_1__Chloroflexi;D_2__Anaerolineae;D_3__SBR1031;D_4__uncultured bacterium;D_5__uncultured bacterium;D_6__uncultured bacterium
508c96e5f36a3155a126e3e85a565116	D_0__Bacteria;D_1__Proteobacteria;D_2__Alphaproteobacteria;D_3__Caulobacterales;D_4__Hyphomonadaceae;D_5__Hirschia
a8bbc66e1e097e765b216b28782826b3	D_0__Bacteria;D_1__Proteobacteria;D_2__Alphaproteobacteria;D_3__Rhodobacterales;D_4__Rhodobacteraceae;D_5__Paracoccus
9236d255d33cb88f93b1072de6efed59	D_0__Bacteria;D_1__Proteobacteria;D_2__Alphaproteobacteria;D_3__Rhodospirillales;D_4__Magnetospiraceae;D_5__uncultured;D_6__metagenome
ac4ff3d7b3e82339e4e9d638b20e5653	D_0__Bacteria;D_1__Proteobacteria;D_2__Alphaproteobacteria;D_3__Rhizobiales;D_4__Rhizobiaceae;D_5__Allorhizobium-Neorhizobium-Pararhizobium-Rhizobium
6f16fcfd935f335ae30f2d9b20bfc28c	D_0__Bacteria;D_1__Planctomycetes;D_2__Phycisphaerae;D_3__Phycisphaerales;D_4__Phycisphaeraceae;D_5__SM1A02;D_6__uncultured soil bacterium
360c828095d010449db31fe01af1dd6d	D_0__Bacteria;D_1__Patescibacteria;D_2__Saccharimonadia;D_3__Saccharimonadales;D_4__uncultured bacterium;D_5__uncultured bacterium;D_6__uncultured bacterium
fb2d7fb642fef827795bdf2edb6317b6	D_0__Bacteria;D_1__Acidobacteria;D_2__Acidobacteriia;D_3__Solibacterales;D_4__Solibacteraceae (Subgroup 3);D_5__Bryobacter
2dd9eec696b863c3146be42d025e3104	D_0__Bacteria;D_1__Chloroflexi;D_2__TK10
b6c1af7d597ec6ac205dea28583c385a	D_0__Bacteria;D_1__Acidobacteria;D_2__Acidobacteriia;D_3__Solibacterales;D_4__Solibacteraceae (Subgroup 3);D_5__Bryobacter
7f90e1f219742f95ae4a8da582dce2ca	D_0__Bacteria;D_1__Proteobacteria;D_2__Alphaproteobacteria;D_3__Caulobacterales;D_4__Hyphomonadaceae;D_5__Hirschia;D_6__uncultured bacterium
0da80e1617483f18760bfc1dad32b472	D_0__Bacteria;D_1__Actinobacteria;D_2__Acidimicrobiia;D_3__uncultured
f0200fe2693591b065bc2e19d9589911	D_0__Bacteria;D_1__Chloroflexi;D_2__TK10;D_3__uncultured Chloroflexi bacterium;D_4__uncultured Chloroflexi bacterium;D_5__uncultured Chloroflexi bacterium;D_6__uncultured Chloroflexi bacterium
2f98df2adf8a8d1e44f9fdb886c02ef9	D_0__Bacteria;D_1__Proteobacteria;D_2__Alphaproteobacteria;D_3__Sphingomonadales;D_4__Sphingomonadaceae
ccc784b632374574a52e80aee661e4d0	D_0__Bacteria;D_1__Proteobacteria;D_2__Alphaproteobacteria;D_3__Rickettsiales;D_4__Mitochondria;D_5__metagenome;D_6__metagenome
e843039d425817ec0fdc32413a0075d9	D_0__Bacteria;D_1__Proteobacteria;D_2__Alphaproteobacteria;D_3__Rhizobiales;D_4__Hyphomicrobiaceae
6bbc3a2f4f43f5c49ed5cffd4d53e4fc	D_0__Bacteria;D_1__Proteobacteria;D_2__Alphaproteobacteria;D_3__Rhizobiales;D_4__Xanthobacteraceae;D_5__uncultured
a38a1c68a6e0471182114529ffd9ea9a	D_0__Bacteria;D_1__Chloroflexi;D_2__Anaerolineae;D_3__RBG-13-54-9
91d1b6ae153ad4fa4deab74975e6a5ba	D_0__Bacteria;D_1__Acidobacteria;D_2__Acidobacteriia;D_3__Solibacterales;D_4__Solibacteraceae (Subgroup 3);D_5__Bryobacter
3185f9a7b942fbcc1b41fbde8c48d429	D_0__Bacteria;D_1__Proteobacteria;D_2__Alphaproteobacteria;D_3__Rhizobiales;D_4__Xanthobacteraceae;D_5__Pseudolabrys
65ce0445449282c1404abee7abf7ced8	D_0__Bacteria;D_1__Proteobacteria;D_2__Alphaproteobacteria;D_3__Rhizobiales;D_4__Xanthobacteraceae;D_5__Rhodoplanes
0f123639a5b4e051494577c0281312a5	D_0__Bacteria;D_1__Proteobacteria;D_2__Alphaproteobacteria;D_3__Rhizobiales;D_4__Xanthobacteraceae;D_5__uncultured
b5d4fde0ccaa12846680908fd160e2e1	D_0__Bacteria;D_1__Actinobacteria;D_2__Acidimicrobiia;D_3__IMCC26256;Ambiguous_taxa;Ambiguous_taxa;Ambiguous_taxa
54900ce232f85cac4109d6d3ba7cb132	D_0__Bacteria;D_1__Proteobacteria;D_2__Alphaproteobacteria;D_3__Rhizobiales;D_4__Xanthobacteraceae;D_5__uncultured
b76afb2ce4fcfc43d755c843db1bf57f	D_0__Bacteria;D_1__Proteobacteria;D_2__Alphaproteobacteria;D_3__Rhizobiales;D_4__Hyphomicrobiaceae;D_5__Hyphomicrobium;D_6__uncultured bacterium
64c0f5e36a9436eaf7902129873485b0	D_0__Bacteria;D_1__Chloroflexi;D_2__KD4-96;Ambiguous_taxa;Ambiguous_taxa;Ambiguous_taxa;Ambiguous_taxa
add0890f1d67d3db877672d14c2c1fda	D_0__Bacteria;D_1__Proteobacteria;D_2__Alphaproteobacteria;D_3__Rhizobiales;D_4__KF-JG30-B3
14eb5784ad2037790b6658ae74affe1e	D_0__Bacteria;D_1__Proteobacteria;D_2__Alphaproteobacteria;D_3__uncultured;D_4__metagenome;D_5__metagenome;D_6__metagenome
b29b10d15da92abda78ca66145ea231d	D_0__Bacteria;D_1__Proteobacteria;D_2__Alphaproteobacteria;D_3__Rhizobiales;D_4__Rhizobiaceae;D_5__Allorhizobium-Neorhizobium-Pararhizobium-Rhizobium
073eb6547ad20785fddf0b20d3aac57f	D_0__Bacteria;D_1__Actinobacteria;D_2__Acidimicrobiia;D_3__Microtrichales;D_4__Ilumatobacteraceae;D_5__Ilumatobacter;D_6__metagenome
ac8c33e2ac2ee480e0741730ba550731	D_0__Bacteria;D_1__Chloroflexi;D_2__Chloroflexia;D_3__Chloroflexales;D_4__Roseiflexaceae;D_5__uncultured;D_6__uncultured bacterium
a6ef6cf53c201dd7b4167c340a2db01f	D_0__Bacteria;D_1__Proteobacteria;D_2__Alphaproteobacteria;D_3__Rhizobiales;D_4__Hyphomicrobiaceae;D_5__Pedomicrobium
c2012e922a09b13d70bb14bc4c67daf0	D_0__Bacteria;D_1__Chloroflexi;D_2__Anaerolineae;D_3__RBG-13-54-9;D_4__uncultured Caldilineaceae bacterium;D_5__uncultured Caldilineaceae bacterium;D_6__uncultured Caldilineaceae bacterium
32303f8cd1a6dbc0ec4bf7709ed6a398	D_0__Bacteria;D_1__Proteobacteria;D_2__Alphaproteobacteria;D_3__Acetobacterales;D_4__Acetobacteraceae;D_5__uncultured
7768d15ffe560a15ac7d7bbad678d188	D_0__Bacteria;D_1__Proteobacteria;D_2__Alphaproteobacteria;D_3__Acetobacterales;D_4__Acetobacteraceae;D_5__uncultured
7af98d355c09446be3f0384315545dcc	D_0__Bacteria;D_1__Cyanobacteria;D_2__Sericytochromatia;D_3__uncultured Desulfuromonadaceae bacterium;D_4__uncultured Desulfuromonadaceae bacterium;D_5__uncultured Desulfuromonadaceae bacterium;D_6__uncultured Desulfuromonadaceae bacterium
143859bb3d0e687c3f1a0e1cb8898699	D_0__Bacteria;D_1__Proteobacteria;D_2__Alphaproteobacteria;D_3__Caulobacterales;D_4__Hyphomonadaceae;D_5__SWB02;D_6__uncultured bacterium
f6a2b07f0555fac964d35fd68c8cf013	D_0__Bacteria;D_1__Chloroflexi;D_2__Anaerolineae;D_3__Caldilineales;D_4__Caldilineaceae;D_5__Litorilinea;D_6__uncultured bacterium
7457951a4ccb1305efd73abdec2f2a7d	D_0__Bacteria;D_1__Proteobacteria;D_2__Alphaproteobacteria;D_3__Rhizobiales;D_4__Hyphomicrobiaceae;D_5__Pedomicrobium
65d67f9b98784e21aacb5edc6a46b238	D_0__Bacteria;D_1__Acidobacteria;D_2__Acidobacteriia;D_3__Solibacterales;D_4__Solibacteraceae (Subgroup 3);D_5__Candidatus Solibacter
162bd130e4e3b6f7ab49085bd9a571ea	D_0__Bacteria;D_1__Proteobacteria;D_2__Alphaproteobacteria;D_3__Rhizobiales;D_4__Xanthobacteraceae;D_5__Bradyrhizobium
34dbbd35eae04b6497a7d54cd9311208	D_0__Bacteria;D_1__Planctomycetes;D_2__Phycisphaerae;D_3__Phycisphaerales;D_4__Phycisphaeraceae;D_5__SM1A02;D_6__uncultured bacterium
04cfcb8cf40a51d727f9873fc5088b8d	D_0__Bacteria;D_1__Chloroflexi;D_2__Anaerolineae;D_3__Ardenticatenales;D_4__uncultured;D_5__uncultured prokaryote;D_6__uncultured prokaryote
429995986acf33234d7d08b445063b07	D_0__Bacteria;D_1__Proteobacteria;D_2__Alphaproteobacteria;D_3__Caulobacterales;D_4__Hyphomonadaceae;D_5__SWB02
648e0e26a7e2ceff8b05162ba05a421f	D_0__Bacteria;D_1__Proteobacteria;D_2__Deltaproteobacteria;D_3__SAR324 clade(Marine group B);D_4__uncultured bacterium;D_5__uncultured bacterium;D_6__uncultured bacterium
58c89dd38a2fb7c10a3d7a373b9c5035	D_0__Bacteria;D_1__Proteobacteria;D_2__Alphaproteobacteria;D_3__Rhizobiales;D_4__Xanthobacteraceae;D_5__uncultured
45a6719ea18bb1fc0329057567b729c4	D_0__Bacteria;D_1__Acidobacteria;D_2__Blastocatellia (Subgroup 4);D_3__Blastocatellales;D_4__Blastocatellaceae
ad986e740b8a599c05e277384f1823d1	D_0__Bacteria;D_1__Proteobacteria;D_2__Alphaproteobacteria;D_3__Rhizobiales;D_4__Xanthobacteraceae;D_5__uncultured
a2c2e8eacea5fbf3ed1905ebbe934cfd	D_0__Bacteria;D_1__Proteobacteria;D_2__Alphaproteobacteria;D_3__Rhizobiales;D_4__Xanthobacteraceae;D_5__Pseudolabrys
806ad284df4237467ff4242b794aba64	D_0__Bacteria;D_1__Chloroflexi;D_2__Chloroflexia;D_3__Chloroflexales;D_4__Roseiflexaceae;D_5__uncultured;D_6__uncultured Chloroflexaceae bacterium
8be6c3c9895133784aca123d325d8ef6	D_0__Bacteria;D_1__Chloroflexi;D_2__TK10;D_3__uncultured bacterium;D_4__uncultured bacterium;D_5__uncultured bacterium;D_6__uncultured bacterium
100e2d270b0802381b5e48c4da7cccca	D_0__Bacteria;D_1__Proteobacteria;D_2__Alphaproteobacteria;D_3__Caulobacterales;D_4__Hyphomonadaceae;D_5__SWB02;D_6__uncultured alpha proteobacterium
84be264e32b00e586dfe7657a8c747e8	D_0__Bacteria;D_1__Chloroflexi;D_2__Anaerolineae;D_3__Ardenticatenales;D_4__uncultured;D_5__uncultured Litorilinea sp.;D_6__uncultured Litorilinea sp.
d32870e729ecbed6ed1f1bbca35ff745	D_0__Bacteria;D_1__Proteobacteria;D_2__Alphaproteobacteria;D_3__Rhizobiales;D_4__Rhizobiales Incertae Sedis;D_5__Bauldia;D_6__uncultured bacterium
3e4e3c6a259080d3ff6e0e5c412af8b0	D_0__Bacteria;D_1__Chloroflexi;D_2__Anaerolineae;D_3__RBG-13-54-9
9aa284806e6c3e9913e0979eee501b0e	D_0__Bacteria;D_1__Proteobacteria;D_2__Gammaproteobacteria;D_3__Ga0077536
bd0c1d173d806008856379b0668e40e6	D_0__Bacteria;D_1__Acidobacteria;D_2__Acidobacteriia;D_3__Solibacterales;D_4__Solibacteraceae (Subgroup 3);D_5__Bryobacter
eb2efe5b184df3bcc0b5abadf720234c	D_0__Bacteria;D_1__Proteobacteria;D_2__Alphaproteobacteria;D_3__Rhizobiales;D_4__Methyloligellaceae;D_5__uncultured
e370105fe293b94c51bdd5c86729dcc2	D_0__Bacteria;D_1__Proteobacteria;D_2__Alphaproteobacteria;D_3__Rhizobiales;D_4__Devosiaceae;D_5__uncultured
3beafa9e510da32e696fb9d78f0671e5	D_0__Bacteria;D_1__Chloroflexi;D_2__Anaerolineae;D_3__RBG-13-54-9;D_4__uncultured Caldilineaceae bacterium;D_5__uncultured Caldilineaceae bacterium;D_6__uncultured Caldilineaceae bacterium
cbf7022fa403514b9c22276a26ec432d	D_0__Bacteria;D_1__Proteobacteria;D_2__Alphaproteobacteria;D_3__Micropepsales;D_4__Micropepsaceae;D_5__uncultured
a5b0f84885124b11586683d2cc1ec473	D_0__Bacteria;D_1__Proteobacteria;D_2__Alphaproteobacteria;D_3__Rhizobiales;D_4__Xanthobacteraceae;D_5__Pseudolabrys
17427e20e034be64e10758abc2863a51	D_0__Bacteria;D_1__Chloroflexi;D_2__Chloroflexia;D_3__Chloroflexales;D_4__Roseiflexaceae;D_5__uncultured;D_6__uncultured bacterium
caad7203ea63e31487660ddb0a97d728	D_0__Bacteria;D_1__Proteobacteria;D_2__Alphaproteobacteria;D_3__Rhizobiales;D_4__Xanthobacteraceae;D_5__uncultured
ef76e832df456801b87827ffe6fadab5	D_0__Bacteria;D_1__Proteobacteria;D_2__Alphaproteobacteria;D_3__Micropepsales;D_4__Micropepsaceae;D_5__uncultured
d8fec5223ed0b91a265ca038c5e212c8	D_0__Bacteria;D_1__Proteobacteria;D_2__Alphaproteobacteria;D_3__Rhizobiales;D_4__Rhizobiales Incertae Sedis;D_5__Bauldia
618c279399ac785b8e845be710c31190	D_0__Bacteria;D_1__Proteobacteria;D_2__Alphaproteobacteria;D_3__Rhizobiales;D_4__Rhizobiales Incertae Sedis;D_5__Bauldia
7c4fd3d62fb25bc64e03f1b43b97a2e6	D_0__Bacteria;D_1__Chloroflexi;D_2__Chloroflexia;D_3__Chloroflexales;D_4__Herpetosiphonaceae;D_5__Herpetosiphon;Ambiguous_taxa
4b8f726dc466c4a09a5c4b682ea0adfb	D_0__Bacteria;D_1__Actinobacteria;D_2__Acidimicrobiia;D_3__IMCC26256;Ambiguous_taxa;Ambiguous_taxa;Ambiguous_taxa
e3fefdd499e304f0cb90cab2c549f383	D_0__Bacteria;D_1__Chloroflexi;D_2__Anaerolineae;D_3__SBR1031;D_4__A4b;D_5__metagenome;D_6__metagenome
646755f24678c3535742b2ad2351bb05	D_0__Bacteria;D_1__Proteobacteria;D_2__Alphaproteobacteria;D_3__Sphingomonadales;D_4__Sphingomonadaceae;D_5__uncultured
fe37bfa27b01661f7d190b466f1f4ee8	D_0__Bacteria;D_1__Proteobacteria;D_2__Alphaproteobacteria;D_3__Caulobacterales;D_4__Caulobacteraceae
338d43592ef6dc87df311b83c025174d	D_0__Bacteria;D_1__Proteobacteria;D_2__Alphaproteobacteria;D_3__Caulobacterales;D_4__Caulobacteraceae;D_5__Phenylobacterium
bae5e6093791cfb6f1919fd5e5dcb2cb	D_0__Bacteria;D_1__Chloroflexi;D_2__Anaerolineae;D_3__SBR1031;D_4__A4b;D_5__uncultured sludge bacterium H8;D_6__uncultured sludge bacterium H8
030c50710e182968b94bd736f885c883	D_0__Bacteria;D_1__Acidobacteria;D_2__Acidobacteriia;D_3__Acidobacteriales;D_4__Acidobacteriaceae (Subgroup 1);D_5__Occallatibacter
fbc46236dc47f0731da3ef9392b6cbb8	D_0__Bacteria;D_1__Proteobacteria
332ba77ee06b245a972ab625c95f1d51	D_0__Bacteria;D_1__Chloroflexi;D_2__TK10;D_3__uncultured Chloroflexus sp.;D_4__uncultured Chloroflexus sp.;D_5__uncultured Chloroflexus sp.;D_6__uncultured Chloroflexus sp.
c4e7924d90a0418b0233ac51822689b8	D_0__Bacteria;D_1__Planctomycetes;D_2__Phycisphaerae;D_3__Phycisphaerales;D_4__Phycisphaeraceae;D_5__AKYG587;D_6__uncultured bacterium
aac510959986b97f8a87e032cd412d48	D_0__Bacteria;D_1__Proteobacteria;D_2__Alphaproteobacteria;D_3__Rhizobiales;D_4__Xanthobacteraceae
b10a9e7838e3dacffe6e59c50ecef9ad	D_0__Bacteria;D_1__Proteobacteria;D_2__Alphaproteobacteria;D_3__Sphingomonadales;D_4__Sphingomonadaceae;D_5__Altererythrobacter
4fe6b78c5ea5daa5759c5b2d3b6f8753	D_0__Bacteria;D_1__Actinobacteria;D_2__Acidimicrobiia;D_3__uncultured
5d884f8b4156fde22fcdd727352e5b99	D_0__Bacteria;D_1__Chloroflexi;D_2__Anaerolineae;D_3__RBG-13-54-9;D_4__uncultured bacterium;D_5__uncultured bacterium;D_6__uncultured bacterium
38abfba90349d0a697edbe8ffe2cdc38	D_0__Bacteria;D_1__Proteobacteria;D_2__Alphaproteobacteria;D_3__Acetobacterales;D_4__Acetobacteraceae;D_5__uncultured;D_6__metagenome
6da6ba1318b612c9d288729796d1f541	D_0__Bacteria;D_1__Chloroflexi;D_2__Ktedonobacteria;D_3__C0119;D_4__uncultured bacterium;D_5__uncultured bacterium;D_6__uncultured bacterium
525423ab230dccd45880ffe1a33f3166	D_0__Bacteria;D_1__Chloroflexi;D_2__Anaerolineae;D_3__Anaerolineales;D_4__Anaerolineaceae;D_5__uncultured;D_6__uncultured prokaryote
c2e8df7b67114938166876f9eac49e90	D_0__Bacteria;D_1__Proteobacteria;D_2__Gammaproteobacteria;D_3__Betaproteobacteriales;D_4__Burkholderiaceae
12a6bac02aebb582c44b5d99d90fcb38	D_0__Bacteria;D_1__Chloroflexi;D_2__KD4-96
a49f963f4c93895e89a08e7461b4ceb6	D_0__Bacteria;D_1__Acidobacteria;D_2__Acidobacteriia;D_3__Solibacterales;D_4__Solibacteraceae (Subgroup 3);D_5__Candidatus Solibacter;D_6__uncultured bacterium
95318805771f70dc1a15afb52ef07467	D_0__Bacteria;D_1__Proteobacteria;D_2__Alphaproteobacteria;D_3__Rhizobiales;D_4__Xanthobacteraceae;D_5__uncultured
076a385084d6d1a9096e06c2893e8bb5	D_0__Bacteria;D_1__Proteobacteria;D_2__Alphaproteobacteria;D_3__Sphingomonadales;D_4__Sphingomonadaceae
cf55ff9712b626f3eca5484d71138aff	D_0__Bacteria;D_1__Proteobacteria;D_2__Alphaproteobacteria;D_3__Rhizobiales;D_4__Xanthobacteraceae
fb58c2085e85f548392b2fb66a5099ac	D_0__Bacteria;D_1__Proteobacteria;D_2__Alphaproteobacteria;D_3__Rhizobiales;D_4__Xanthobacteraceae
43f7b57854fd494acfa4ff7b9d9fb982	D_0__Bacteria;D_1__Proteobacteria;D_2__Alphaproteobacteria;D_3__Rhizobiales;D_4__Beijerinckiaceae;D_5__Methylobacterium
7597c19fe68df1c29caf4c9ebc0116c0	D_0__Bacteria;D_1__Proteobacteria;D_2__Alphaproteobacteria;D_3__Rhizobiales;D_4__Beijerinckiaceae;D_5__Methylobacterium
aa279c1008b2c378d3bc0ed92f90da65	D_0__Bacteria;D_1__Cyanobacteria;D_2__Oxyphotobacteria;D_3__Chloroplast
fdc3dc587a77b7f4d79c9cd9aba52d01	D_0__Bacteria;D_1__Proteobacteria;D_2__Alphaproteobacteria;D_3__Rhizobiales;D_4__Rhizobiaceae;D_5__Aureimonas;Ambiguous_taxa
34be9a7ef892b0e546a542f32c1401b2	D_0__Bacteria;D_1__Proteobacteria;D_2__Alphaproteobacteria;D_3__Sphingomonadales;D_4__Sphingomonadaceae;D_5__Sphingomonas
e2ec5aa8b9d757bfe308e20be26a885d	D_0__Bacteria;D_1__Proteobacteria;D_2__Alphaproteobacteria;D_3__Rhizobiales;D_4__Rhizobiaceae;D_5__Aureimonas;Ambiguous_taxa
12642e6aaa8986e8500a302e87b3aa0f	D_0__Bacteria;D_1__Proteobacteria;D_2__Alphaproteobacteria;D_3__Rickettsiales;D_4__Mitochondria
209c614431b2c7eaa7ee866e51c798d9	D_0__Bacteria;D_1__Proteobacteria;D_2__Alphaproteobacteria;D_3__Rhizobiales;D_4__Beijerinckiaceae;D_5__Methylobacterium;D_6__Methylobacterium aquaticum
853b090a26fc35cdcdcc449655ccf8dd	D_0__Bacteria;D_1__Cyanobacteria;D_2__Oxyphotobacteria;D_3__Chloroplast
43365dc1ec94622eecca4ff1d088f285	D_0__Bacteria;D_1__Proteobacteria;D_2__Alphaproteobacteria;D_3__Sphingomonadales;D_4__Sphingomonadaceae;D_5__Sphingomonas;D_6__Sphingomonas panni
978d637595f775c1c20272dc111ae152	D_0__Bacteria;D_1__Proteobacteria;D_2__Alphaproteobacteria;D_3__Rhizobiales;D_4__Rhizobiaceae;D_5__Aureimonas;Ambiguous_taxa
ff0a92c3808bf47e49f69e1c23548c3c	D_0__Bacteria;D_1__Proteobacteria;D_2__Alphaproteobacteria;D_3__Rhizobiales;D_4__Beijerinckiaceae;D_5__Methylobacterium;Ambiguous_taxa
03302badf0c7f8a80c0ee6ee6a3fb788	D_0__Bacteria;D_1__Proteobacteria;D_2__Alphaproteobacteria;D_3__Sphingomonadales;D_4__Sphingomonadaceae;D_5__Sphingomonas
49ff8062f682f1d55bbc5e1280e3b34f	D_0__Bacteria;D_1__Proteobacteria;D_2__Alphaproteobacteria;D_3__Sphingomonadales;D_4__Sphingomonadaceae;D_5__Sphingomonas
5727aaaa2ca76625f6537a32ea659a88	D_0__Bacteria;D_1__Proteobacteria;D_2__Alphaproteobacteria;D_3__Rickettsiales;D_4__Mitochondria
a9c546e7a1a71d661c1ee2425ea8bb5d	D_0__Bacteria;D_1__Proteobacteria;D_2__Alphaproteobacteria;D_3__Rhizobiales;D_4__Beijerinckiaceae;D_5__Methylobacterium
1bb840e4fba5dc10b1213daa5bb2eb64	D_0__Bacteria;D_1__Proteobacteria;D_2__Alphaproteobacteria
5ca020f4809b5c2bb95a9fa3c5c79c42	D_0__Bacteria;D_1__Proteobacteria;D_2__Alphaproteobacteria;D_3__Rhizobiales;D_4__Beijerinckiaceae;D_5__Methylobacterium
c1ee40ded157f33256d6119bafe6ad8c	D_0__Bacteria;D_1__Cyanobacteria;D_2__Oxyphotobacteria;D_3__Chloroplast
47e1cdecd953cc5990358f5596708c5d	D_0__Bacteria;D_1__Proteobacteria;D_2__Alphaproteobacteria;D_3__Rhizobiales;D_4__Beijerinckiaceae;D_5__Methylobacterium
397996fbb3c57a9f3b482f1adb673e48	D_0__Bacteria;D_1__Proteobacteria;D_2__Alphaproteobacteria;D_3__Sphingomonadales;D_4__Sphingomonadaceae;D_5__Sphingomonas
47a654e3d6efa8b9cb409311d8727f57	D_0__Bacteria;D_1__Proteobacteria;D_2__Alphaproteobacteria;D_3__Rhizobiales;D_4__Beijerinckiaceae;D_5__Methylobacterium
7de1c140eb9297398f4c0e68bd57f8c0	D_0__Bacteria;D_1__Proteobacteria;D_2__Alphaproteobacteria;D_3__Sphingomonadales;D_4__Sphingomonadaceae;D_5__Sphingomonas
50de60cf39220008c9044b5e434392d4	D_0__Bacteria;D_1__Proteobacteria;D_2__Alphaproteobacteria;D_3__Rhizobiales;D_4__Beijerinckiaceae;D_5__Methylobacterium
ecf68a60bcd7251b8c265d386c01702f	D_0__Bacteria;D_1__Proteobacteria;D_2__Alphaproteobacteria;D_3__Rhodobacterales;D_4__Rhodobacteraceae;D_5__Paracoccus
b65f0ae345495616c4355153b37a9695	D_0__Bacteria;D_1__Actinobacteria;D_2__Coriobacteriia;D_3__Coriobacteriales;D_4__Coriobacteriaceae;D_5__Collinsella
0ed8feff59f570acd7e8fa5aca75192b	D_0__Bacteria;D_1__Proteobacteria;D_2__Gammaproteobacteria;D_3__Betaproteobacteriales
5084f3798b83e88d6b866147384b6b8e	D_0__Bacteria;D_1__Actinobacteria;D_2__Coriobacteriia;D_3__Coriobacteriales;D_4__Coriobacteriaceae;D_5__Collinsella
a8045e3a3ae6046e9b3a72eaeac4c18f	D_0__Bacteria;D_1__Proteobacteria;D_2__Alphaproteobacteria;D_3__Rhizobiales;D_4__Beijerinckiaceae;D_5__Methylobacterium
