sample-id	sequencing-pool	species	sample-type	library-type	date-prepared	i7_name	i7_forward	i7_reverse	i5_name	i5_forward	i5_reverse	is-blank	has-linkers	row	column	row-colum	treatment	fwd-primer	fwd-primer-seq	rev-primer	rev-primer-seq	notes	filtered-out
#q2:types	numeric	categorical	categorical	categorical	categorical	categorical	categorical	categorical	categorical	categorical	categorical	categorical	categorical	categorical	numeric	categorical	categorical	categorical	categorical	categorical	categorical	categorical	categorical
UNI1-1	1	Bacteria	soil-flowerbed	Amplicon	11/16/17	N701	TCGCCTTA	TAAGGCGA	S502	CTCTCTAT	ATAGAGAG	FALSE	TRUE	A	1	A1	Universal	JGW005 (EMP 515f)	TCGTCGGCAGCGTCAGATGTGTATAAGAGACAGGTGYCAGCMGCCGCGGTAA 	JGW006 (EMP806rB)	GTCTCGTGGGCTCGGAGATGTGTATAAGAGACAGGGACTACNVGGGTWTCTAAT		
UNI1-2	1	Bacteria	soil-clay	Amplicon	11/16/17	N702	CTAGTACG	CGTACTAG	S502	CTCTCTAT	ATAGAGAG	FALSE	TRUE	A	2	A2	Universal	JGW005 (EMP 515f)	TCGTCGGCAGCGTCAGATGTGTATAAGAGACAGGTGYCAGCMGCCGCGGTAA 	JGW006 (EMP806rB)	GTCTCGTGGGCTCGGAGATGTGTATAAGAGACAGGGACTACNVGGGTWTCTAAT		
UNI1-3	1	Bacteria	leaf-maize	Amplicon	11/16/17	N703	TTCTGCCT	AGGCAGAA	S502	CTCTCTAT	ATAGAGAG	FALSE	TRUE	A	3	A3	Universal	JGW005 (EMP 515f)	TCGTCGGCAGCGTCAGATGTGTATAAGAGACAGGTGYCAGCMGCCGCGGTAA 	JGW006 (EMP806rB)	GTCTCGTGGGCTCGGAGATGTGTATAAGAGACAGGGACTACNVGGGTWTCTAAT		
UNI1-4	1	Bacteria	leaf-soybean	Amplicon	11/16/17	N704	GCTCAGGA	TCCTGAGC	S502	CTCTCTAT	ATAGAGAG	FALSE	TRUE	A	4	A4	Universal	JGW005 (EMP 515f)	TCGTCGGCAGCGTCAGATGTGTATAAGAGACAGGTGYCAGCMGCCGCGGTAA 	JGW006 (EMP806rB)	GTCTCGTGGGCTCGGAGATGTGTATAAGAGACAGGGACTACNVGGGTWTCTAAT		
UNI1-5	1	Bacteria	defined-community	Amplicon	11/16/17	N705	AGGAGTCC	GGACTCCT	S502	CTCTCTAT	ATAGAGAG	FALSE	TRUE	A	5	A5	Universal	JGW005 (EMP 515f)	TCGTCGGCAGCGTCAGATGTGTATAAGAGACAGGTGYCAGCMGCCGCGGTAA 	JGW006 (EMP806rB)	GTCTCGTGGGCTCGGAGATGTGTATAAGAGACAGGGACTACNVGGGTWTCTAAT		
UNI1-6	1	Bacteria	water	Amplicon	11/16/17	N706	CATGCCTA	TAGGCATG	S502	CTCTCTAT	ATAGAGAG	TRUE	TRUE	A	6	A6	Universal	JGW005 (EMP 515f)	TCGTCGGCAGCGTCAGATGTGTATAAGAGACAGGTGYCAGCMGCCGCGGTAA 	JGW006 (EMP806rB)	GTCTCGTGGGCTCGGAGATGTGTATAAGAGACAGGGACTACNVGGGTWTCTAAT		
UNI2-1	1	Bacteria	soil-flowerbed	Amplicon	01/16/18	N707	GTAGAGAG	CTCTCTAC	S502	CTCTCTAT	ATAGAGAG	FALSE	TRUE	A	7	A7	Universal	JGW005 (EMP 515f)	TCGTCGGCAGCGTCAGATGTGTATAAGAGACAGGTGYCAGCMGCCGCGGTAA 	JGW006 (EMP806rB)	GTCTCGTGGGCTCGGAGATGTGTATAAGAGACAGGGACTACNVGGGTWTCTAAT		
UNI2-2	1	Bacteria	soil-clay	Amplicon	01/16/18	N710	CAGCCTCG	CGAGGCTG	S502	CTCTCTAT	ATAGAGAG	FALSE	TRUE	A	8	A8	Universal	JGW005 (EMP 515f)	TCGTCGGCAGCGTCAGATGTGTATAAGAGACAGGTGYCAGCMGCCGCGGTAA 	JGW006 (EMP806rB)	GTCTCGTGGGCTCGGAGATGTGTATAAGAGACAGGGACTACNVGGGTWTCTAAT		
UNI2-3	1	Bacteria	leaf-maize	Amplicon	01/16/18	N711	TGCCTCTT	AAGAGGCA	S502	CTCTCTAT	ATAGAGAG	FALSE	TRUE	A	9	A9	Universal	JGW005 (EMP 515f)	TCGTCGGCAGCGTCAGATGTGTATAAGAGACAGGTGYCAGCMGCCGCGGTAA 	JGW006 (EMP806rB)	GTCTCGTGGGCTCGGAGATGTGTATAAGAGACAGGGACTACNVGGGTWTCTAAT		
UNI2-4	1	Bacteria	leaf-soybean	Amplicon	01/16/18	N712	TCCTCTAC	GTAGAGGA	S502	CTCTCTAT	ATAGAGAG	FALSE	TRUE	A	10	A10	Universal	JGW005 (EMP 515f)	TCGTCGGCAGCGTCAGATGTGTATAAGAGACAGGTGYCAGCMGCCGCGGTAA 	JGW006 (EMP806rB)	GTCTCGTGGGCTCGGAGATGTGTATAAGAGACAGGGACTACNVGGGTWTCTAAT		
UNI2-5	1	Bacteria	defined-community	Amplicon	01/16/18	N714	TCATGAGC	GCTCATGA	S502	CTCTCTAT	ATAGAGAG	FALSE	TRUE	A	11	A11	Universal	JGW005 (EMP 515f)	TCGTCGGCAGCGTCAGATGTGTATAAGAGACAGGTGYCAGCMGCCGCGGTAA 	JGW006 (EMP806rB)	GTCTCGTGGGCTCGGAGATGTGTATAAGAGACAGGGACTACNVGGGTWTCTAAT		
UNI2-6	1	Bacteria	water	Amplicon	01/16/18	N715	CCTGAGAT	ATCTCAGG	S502	CTCTCTAT	ATAGAGAG	TRUE	TRUE	A	12	A12	Universal	JGW005 (EMP 515f)	TCGTCGGCAGCGTCAGATGTGTATAAGAGACAGGTGYCAGCMGCCGCGGTAA 	JGW006 (EMP806rB)	GTCTCGTGGGCTCGGAGATGTGTATAAGAGACAGGGACTACNVGGGTWTCTAAT		
UNI3-1	1	Bacteria	soil-flowerbed	Amplicon	05/04/18	N701	TCGCCTTA	TAAGGCGA	S503	TATCCTCT	AGAGGATA	FALSE	TRUE	B	1	B1	Universal	JGW005 (EMP 515f)	TCGTCGGCAGCGTCAGATGTGTATAAGAGACAGGTGYCAGCMGCCGCGGTAA 	JGW006 (EMP806rB)	GTCTCGTGGGCTCGGAGATGTGTATAAGAGACAGGGACTACNVGGGTWTCTAAT		
UNI3-2	1	Bacteria	soil-clay	Amplicon	05/04/18	N702	CTAGTACG	CGTACTAG	S503	TATCCTCT	AGAGGATA	FALSE	TRUE	B	2	B2	Universal	JGW005 (EMP 515f)	TCGTCGGCAGCGTCAGATGTGTATAAGAGACAGGTGYCAGCMGCCGCGGTAA 	JGW006 (EMP806rB)	GTCTCGTGGGCTCGGAGATGTGTATAAGAGACAGGGACTACNVGGGTWTCTAAT		
UNI3-3	1	Bacteria	leaf-maize	Amplicon	05/04/18	N703	TTCTGCCT	AGGCAGAA	S503	TATCCTCT	AGAGGATA	FALSE	TRUE	B	3	B3	Universal	JGW005 (EMP 515f)	TCGTCGGCAGCGTCAGATGTGTATAAGAGACAGGTGYCAGCMGCCGCGGTAA 	JGW006 (EMP806rB)	GTCTCGTGGGCTCGGAGATGTGTATAAGAGACAGGGACTACNVGGGTWTCTAAT		
UNI3-4	1	Bacteria	leaf-soybean	Amplicon	05/04/18	N704	GCTCAGGA	TCCTGAGC	S503	TATCCTCT	AGAGGATA	FALSE	TRUE	B	4	B4	Universal	JGW005 (EMP 515f)	TCGTCGGCAGCGTCAGATGTGTATAAGAGACAGGTGYCAGCMGCCGCGGTAA 	JGW006 (EMP806rB)	GTCTCGTGGGCTCGGAGATGTGTATAAGAGACAGGGACTACNVGGGTWTCTAAT		
UNI3-5	1	Bacteria	defined-community	Amplicon	05/04/18	N705	AGGAGTCC	GGACTCCT	S503	TATCCTCT	AGAGGATA	FALSE	TRUE	B	5	B5	Universal	JGW005 (EMP 515f)	TCGTCGGCAGCGTCAGATGTGTATAAGAGACAGGTGYCAGCMGCCGCGGTAA 	JGW006 (EMP806rB)	GTCTCGTGGGCTCGGAGATGTGTATAAGAGACAGGGACTACNVGGGTWTCTAAT		
UNI3-6	1	Bacteria	water	Amplicon	05/04/18	N706	CATGCCTA	TAGGCATG	S503	TATCCTCT	AGAGGATA	TRUE	TRUE	B	6	B6	Universal	JGW005 (EMP 515f)	TCGTCGGCAGCGTCAGATGTGTATAAGAGACAGGTGYCAGCMGCCGCGGTAA 	JGW006 (EMP806rB)	GTCTCGTGGGCTCGGAGATGTGTATAAGAGACAGGGACTACNVGGGTWTCTAAT		
DISC1-1	1	Bacteria	soil-flowerbed	Amplicon	11/21/17	N707	GTAGAGAG	CTCTCTAC	S503	TATCCTCT	AGAGGATA	FALSE	TRUE	B	7	B7	Discriminating	JGW009	TCGTCGGCAGCGTCAGATGTGTATAAGAGACAGACCMGGATTAGATACCCKG	JGW010	GTCTCGTGGGCTCGGAGATGTGTATAAGAGACAGAGGGTTGCGCTCGTTG		
DISC1-2	1	Bacteria	soil-clay	Amplicon	11/21/17	N710	CAGCCTCG	CGAGGCTG	S503	TATCCTCT	AGAGGATA	FALSE	TRUE	B	8	B8	Discriminating	JGW009	TCGTCGGCAGCGTCAGATGTGTATAAGAGACAGACCMGGATTAGATACCCKG	JGW010	GTCTCGTGGGCTCGGAGATGTGTATAAGAGACAGAGGGTTGCGCTCGTTG		
DISC1-3	1	Bacteria	leaf-maize	Amplicon	11/21/17	N711	TGCCTCTT	AAGAGGCA	S503	TATCCTCT	AGAGGATA	FALSE	TRUE	B	9	B9	Discriminating	JGW009	TCGTCGGCAGCGTCAGATGTGTATAAGAGACAGACCMGGATTAGATACCCKG	JGW010	GTCTCGTGGGCTCGGAGATGTGTATAAGAGACAGAGGGTTGCGCTCGTTG		
DISC1-4	1	Bacteria	leaf-soybean	Amplicon	11/21/17	N712	TCCTCTAC	GTAGAGGA	S503	TATCCTCT	AGAGGATA	FALSE	TRUE	B	10	B10	Discriminating	JGW009	TCGTCGGCAGCGTCAGATGTGTATAAGAGACAGACCMGGATTAGATACCCKG	JGW010	GTCTCGTGGGCTCGGAGATGTGTATAAGAGACAGAGGGTTGCGCTCGTTG		
DISC1-5	1	Bacteria	defined-community	Amplicon	11/21/17	N714	TCATGAGC	GCTCATGA	S503	TATCCTCT	AGAGGATA	FALSE	TRUE	B	11	B11	Discriminating	JGW009	TCGTCGGCAGCGTCAGATGTGTATAAGAGACAGACCMGGATTAGATACCCKG	JGW010	GTCTCGTGGGCTCGGAGATGTGTATAAGAGACAGAGGGTTGCGCTCGTTG		
DISC1-6	1	Bacteria	water	Amplicon	11/21/17	N715	CCTGAGAT	ATCTCAGG	S503	TATCCTCT	AGAGGATA	TRUE	TRUE	B	12	B12	Discriminating	JGW009	TCGTCGGCAGCGTCAGATGTGTATAAGAGACAGACCMGGATTAGATACCCKG	JGW010	GTCTCGTGGGCTCGGAGATGTGTATAAGAGACAGAGGGTTGCGCTCGTTG		
DISC2-1	1	Bacteria	soil-flowerbed	Amplicon	01/25/18	N701	TCGCCTTA	TAAGGCGA	S505	GTAAGGAG	CTCCTTAC	FALSE	TRUE	C	1	C1	Discriminating	JGW009	TCGTCGGCAGCGTCAGATGTGTATAAGAGACAGACCMGGATTAGATACCCKG	JGW010	GTCTCGTGGGCTCGGAGATGTGTATAAGAGACAGAGGGTTGCGCTCGTTG		
DISC2-2	1	Bacteria	soil-clay	Amplicon	01/25/18	N702	CTAGTACG	CGTACTAG	S505	GTAAGGAG	CTCCTTAC	FALSE	TRUE	C	2	C2	Discriminating	JGW009	TCGTCGGCAGCGTCAGATGTGTATAAGAGACAGACCMGGATTAGATACCCKG	JGW010	GTCTCGTGGGCTCGGAGATGTGTATAAGAGACAGAGGGTTGCGCTCGTTG		
DISC2-3	1	Bacteria	leaf-maize	Amplicon	01/25/18	N703	TTCTGCCT	AGGCAGAA	S505	GTAAGGAG	CTCCTTAC	FALSE	TRUE	C	3	C3	Discriminating	JGW009	TCGTCGGCAGCGTCAGATGTGTATAAGAGACAGACCMGGATTAGATACCCKG	JGW010	GTCTCGTGGGCTCGGAGATGTGTATAAGAGACAGAGGGTTGCGCTCGTTG		
DISC2-4	1	Bacteria	leaf-soybean	Amplicon	01/25/18	N704	GCTCAGGA	TCCTGAGC	S505	GTAAGGAG	CTCCTTAC	FALSE	TRUE	C	4	C4	Discriminating	JGW009	TCGTCGGCAGCGTCAGATGTGTATAAGAGACAGACCMGGATTAGATACCCKG	JGW010	GTCTCGTGGGCTCGGAGATGTGTATAAGAGACAGAGGGTTGCGCTCGTTG		
DISC2-5	1	Bacteria	defined-community	Amplicon	01/25/18	N705	AGGAGTCC	GGACTCCT	S505	GTAAGGAG	CTCCTTAC	FALSE	TRUE	C	5	C5	Discriminating	JGW009	TCGTCGGCAGCGTCAGATGTGTATAAGAGACAGACCMGGATTAGATACCCKG	JGW010	GTCTCGTGGGCTCGGAGATGTGTATAAGAGACAGAGGGTTGCGCTCGTTG		TRUE
DISC2-6	1	Bacteria	water	Amplicon	01/25/18	N706	CATGCCTA	TAGGCATG	S505	GTAAGGAG	CTCCTTAC	TRUE	TRUE	C	6	C6	Discriminating	JGW009	TCGTCGGCAGCGTCAGATGTGTATAAGAGACAGACCMGGATTAGATACCCKG	JGW010	GTCTCGTGGGCTCGGAGATGTGTATAAGAGACAGAGGGTTGCGCTCGTTG		
DISC3-1	1	Bacteria	soil-flowerbed	Amplicon	03/18/18	N707	GTAGAGAG	CTCTCTAC	S505	GTAAGGAG	CTCCTTAC	FALSE	TRUE	C	7	C7	Discriminating	JGW009	TCGTCGGCAGCGTCAGATGTGTATAAGAGACAGACCMGGATTAGATACCCKG	JGW010	GTCTCGTGGGCTCGGAGATGTGTATAAGAGACAGAGGGTTGCGCTCGTTG		
DISC3-2	1	Bacteria	soil-clay	Amplicon	03/18/18	N710	CAGCCTCG	CGAGGCTG	S505	GTAAGGAG	CTCCTTAC	FALSE	TRUE	C	8	C8	Discriminating	JGW009	TCGTCGGCAGCGTCAGATGTGTATAAGAGACAGACCMGGATTAGATACCCKG	JGW010	GTCTCGTGGGCTCGGAGATGTGTATAAGAGACAGAGGGTTGCGCTCGTTG	Date interpolated	
DISC3-3	1	Bacteria	leaf-maize	Amplicon	03/18/18	N711	TGCCTCTT	AAGAGGCA	S505	GTAAGGAG	CTCCTTAC	FALSE	TRUE	C	9	C9	Discriminating	JGW009	TCGTCGGCAGCGTCAGATGTGTATAAGAGACAGACCMGGATTAGATACCCKG	JGW010	GTCTCGTGGGCTCGGAGATGTGTATAAGAGACAGAGGGTTGCGCTCGTTG	Date interpolated	
DISC3-4	1	Bacteria	leaf-soybean	Amplicon	03/18/18	N712	TCCTCTAC	GTAGAGGA	S505	GTAAGGAG	CTCCTTAC	FALSE	TRUE	C	10	C10	Discriminating	JGW009	TCGTCGGCAGCGTCAGATGTGTATAAGAGACAGACCMGGATTAGATACCCKG	JGW010	GTCTCGTGGGCTCGGAGATGTGTATAAGAGACAGAGGGTTGCGCTCGTTG	Date interpolated	
DISC3-5	1	Bacteria	defined-community	Amplicon	03/18/18	N714	TCATGAGC	GCTCATGA	S505	GTAAGGAG	CTCCTTAC	FALSE	TRUE	C	11	C11	Discriminating	JGW009	TCGTCGGCAGCGTCAGATGTGTATAAGAGACAGACCMGGATTAGATACCCKG	JGW010	GTCTCGTGGGCTCGGAGATGTGTATAAGAGACAGAGGGTTGCGCTCGTTG	Date interpolated	
DISC3-6	1	Bacteria	water	Amplicon	03/18/18	N715	CCTGAGAT	ATCTCAGG	S505	GTAAGGAG	CTCCTTAC	TRUE	TRUE	C	12	C12	Discriminating	JGW009	TCGTCGGCAGCGTCAGATGTGTATAAGAGACAGACCMGGATTAGATACCCKG	JGW010	GTCTCGTGGGCTCGGAGATGTGTATAAGAGACAGAGGGTTGCGCTCGTTG	Date interpolated	
PNA1-1	1	Bacteria	soil-flowerbed	Amplicon	12/01/17	N701	TCGCCTTA	TAAGGCGA	S506	ACTGCATA	TATGCAGT	FALSE	TRUE	D	1	D1	PNAs	JGW005 (EMP 515f)	TCGTCGGCAGCGTCAGATGTGTATAAGAGACAGGTGYCAGCMGCCGCGGTAA 	JGW006 (EMP806rB)	GTCTCGTGGGCTCGGAGATGTGTATAAGAGACAGGGACTACNVGGGTWTCTAAT		
PNA1-2	1	Bacteria	soil-clay	Amplicon	12/01/17	N702	CTAGTACG	CGTACTAG	S506	ACTGCATA	TATGCAGT	FALSE	TRUE	D	2	D2	PNAs	JGW005 (EMP 515f)	TCGTCGGCAGCGTCAGATGTGTATAAGAGACAGGTGYCAGCMGCCGCGGTAA 	JGW006 (EMP806rB)	GTCTCGTGGGCTCGGAGATGTGTATAAGAGACAGGGACTACNVGGGTWTCTAAT		
PNA1-3	1	Bacteria	leaf-maize	Amplicon	12/01/17	N703	TTCTGCCT	AGGCAGAA	S506	ACTGCATA	TATGCAGT	FALSE	TRUE	D	3	D3	PNAs	JGW005 (EMP 515f)	TCGTCGGCAGCGTCAGATGTGTATAAGAGACAGGTGYCAGCMGCCGCGGTAA 	JGW006 (EMP806rB)	GTCTCGTGGGCTCGGAGATGTGTATAAGAGACAGGGACTACNVGGGTWTCTAAT		
PNA1-4	1	Bacteria	leaf-soybean	Amplicon	12/01/17	N704	GCTCAGGA	TCCTGAGC	S506	ACTGCATA	TATGCAGT	FALSE	TRUE	D	4	D4	PNAs	JGW005 (EMP 515f)	TCGTCGGCAGCGTCAGATGTGTATAAGAGACAGGTGYCAGCMGCCGCGGTAA 	JGW006 (EMP806rB)	GTCTCGTGGGCTCGGAGATGTGTATAAGAGACAGGGACTACNVGGGTWTCTAAT		
PNA1-5	1	Bacteria	defined-community	Amplicon	12/01/17	N705	AGGAGTCC	GGACTCCT	S506	ACTGCATA	TATGCAGT	FALSE	TRUE	D	5	D5	PNAs	JGW005 (EMP 515f)	TCGTCGGCAGCGTCAGATGTGTATAAGAGACAGGTGYCAGCMGCCGCGGTAA 	JGW006 (EMP806rB)	GTCTCGTGGGCTCGGAGATGTGTATAAGAGACAGGGACTACNVGGGTWTCTAAT		
PNA1-6	1	Bacteria	water	Amplicon	12/01/17	N706	CATGCCTA	TAGGCATG	S506	ACTGCATA	TATGCAGT	TRUE	TRUE	D	6	D6	PNAs	JGW005 (EMP 515f)	TCGTCGGCAGCGTCAGATGTGTATAAGAGACAGGTGYCAGCMGCCGCGGTAA 	JGW006 (EMP806rB)	GTCTCGTGGGCTCGGAGATGTGTATAAGAGACAGGGACTACNVGGGTWTCTAAT		
PNA2-1	1	Bacteria	soil-flowerbed	Amplicon	02/12/17	N707	GTAGAGAG	CTCTCTAC	S506	ACTGCATA	TATGCAGT	FALSE	TRUE	D	7	D7	PNAs	JGW005 (EMP 515f)	TCGTCGGCAGCGTCAGATGTGTATAAGAGACAGGTGYCAGCMGCCGCGGTAA 	JGW006 (EMP806rB)	GTCTCGTGGGCTCGGAGATGTGTATAAGAGACAGGGACTACNVGGGTWTCTAAT		
PNA2-2	1	Bacteria	soil-clay	Amplicon	02/12/17	N710	CAGCCTCG	CGAGGCTG	S506	ACTGCATA	TATGCAGT	FALSE	TRUE	D	8	D8	PNAs	JGW005 (EMP 515f)	TCGTCGGCAGCGTCAGATGTGTATAAGAGACAGGTGYCAGCMGCCGCGGTAA 	JGW006 (EMP806rB)	GTCTCGTGGGCTCGGAGATGTGTATAAGAGACAGGGACTACNVGGGTWTCTAAT		
PNA2-3	1	Bacteria	leaf-maize	Amplicon	02/12/17	N711	TGCCTCTT	AAGAGGCA	S506	ACTGCATA	TATGCAGT	FALSE	TRUE	D	9	D9	PNAs	JGW005 (EMP 515f)	TCGTCGGCAGCGTCAGATGTGTATAAGAGACAGGTGYCAGCMGCCGCGGTAA 	JGW006 (EMP806rB)	GTCTCGTGGGCTCGGAGATGTGTATAAGAGACAGGGACTACNVGGGTWTCTAAT		
PNA2-4	1	Bacteria	leaf-soybean	Amplicon	02/12/17	N712	TCCTCTAC	GTAGAGGA	S506	ACTGCATA	TATGCAGT	FALSE	TRUE	D	10	D10	PNAs	JGW005 (EMP 515f)	TCGTCGGCAGCGTCAGATGTGTATAAGAGACAGGTGYCAGCMGCCGCGGTAA 	JGW006 (EMP806rB)	GTCTCGTGGGCTCGGAGATGTGTATAAGAGACAGGGACTACNVGGGTWTCTAAT		
PNA2-5	1	Bacteria	defined-community	Amplicon	02/12/17	N714	TCATGAGC	GCTCATGA	S506	ACTGCATA	TATGCAGT	FALSE	TRUE	D	11	D11	PNAs	JGW005 (EMP 515f)	TCGTCGGCAGCGTCAGATGTGTATAAGAGACAGGTGYCAGCMGCCGCGGTAA 	JGW006 (EMP806rB)	GTCTCGTGGGCTCGGAGATGTGTATAAGAGACAGGGACTACNVGGGTWTCTAAT		
PNA2-6	1	Bacteria	water	Amplicon	02/12/17	N715	CCTGAGAT	ATCTCAGG	S506	ACTGCATA	TATGCAGT	TRUE	TRUE	D	12	D12	PNAs	JGW005 (EMP 515f)	TCGTCGGCAGCGTCAGATGTGTATAAGAGACAGGTGYCAGCMGCCGCGGTAA 	JGW006 (EMP806rB)	GTCTCGTGGGCTCGGAGATGTGTATAAGAGACAGGGACTACNVGGGTWTCTAAT		
PNA3-1	1	Bacteria	soil-flowerbed	Amplicon	03/15/18	N701	TCGCCTTA	TAAGGCGA	S507	AAGGAGTA	TACTCCTT	FALSE	TRUE	E	1	E1	PNAs	JGW005 (EMP 515f)	TCGTCGGCAGCGTCAGATGTGTATAAGAGACAGGTGYCAGCMGCCGCGGTAA 	JGW006 (EMP806rB)	GTCTCGTGGGCTCGGAGATGTGTATAAGAGACAGGGACTACNVGGGTWTCTAAT	Date interpolated	TRUE
PNA3-2	1	Bacteria	soil-clay	Amplicon	03/15/18	N702	CTAGTACG	CGTACTAG	S507	AAGGAGTA	TACTCCTT	FALSE	TRUE	E	2	E2	PNAs	JGW005 (EMP 515f)	TCGTCGGCAGCGTCAGATGTGTATAAGAGACAGGTGYCAGCMGCCGCGGTAA 	JGW006 (EMP806rB)	GTCTCGTGGGCTCGGAGATGTGTATAAGAGACAGGGACTACNVGGGTWTCTAAT	Date interpolated	TRUE
PNA3-3	1	Bacteria	leaf-maize	Amplicon	03/15/18	N703	TTCTGCCT	AGGCAGAA	S507	AAGGAGTA	TACTCCTT	FALSE	TRUE	E	3	E3	PNAs	JGW005 (EMP 515f)	TCGTCGGCAGCGTCAGATGTGTATAAGAGACAGGTGYCAGCMGCCGCGGTAA 	JGW006 (EMP806rB)	GTCTCGTGGGCTCGGAGATGTGTATAAGAGACAGGGACTACNVGGGTWTCTAAT	Date interpolated	TRUE
PNA3-4	1	Bacteria	leaf-soybean	Amplicon	03/15/18	N704	GCTCAGGA	TCCTGAGC	S507	AAGGAGTA	TACTCCTT	FALSE	TRUE	E	4	E4	PNAs	JGW005 (EMP 515f)	TCGTCGGCAGCGTCAGATGTGTATAAGAGACAGGTGYCAGCMGCCGCGGTAA 	JGW006 (EMP806rB)	GTCTCGTGGGCTCGGAGATGTGTATAAGAGACAGGGACTACNVGGGTWTCTAAT	Date interpolated	TRUE
PNA3-5	1	Bacteria	defined-community	Amplicon	03/15/18	N705	AGGAGTCC	GGACTCCT	S507	AAGGAGTA	TACTCCTT	FALSE	TRUE	E	5	E5	PNAs	JGW005 (EMP 515f)	TCGTCGGCAGCGTCAGATGTGTATAAGAGACAGGTGYCAGCMGCCGCGGTAA 	JGW006 (EMP806rB)	GTCTCGTGGGCTCGGAGATGTGTATAAGAGACAGGGACTACNVGGGTWTCTAAT	Date interpolated	TRUE
PNA3-6	1	Bacteria	water	Amplicon	03/15/18	N706	CATGCCTA	TAGGCATG	S507	AAGGAGTA	TACTCCTT	TRUE	TRUE	E	6	E6	PNAs	JGW005 (EMP 515f)	TCGTCGGCAGCGTCAGATGTGTATAAGAGACAGGTGYCAGCMGCCGCGGTAA 	JGW006 (EMP806rB)	GTCTCGTGGGCTCGGAGATGTGTATAAGAGACAGGGACTACNVGGGTWTCTAAT	Date interpolated	TRUE
BO341-1	1	Bacteria	soil-flowerbed	Amplicon	04/05/18	N707	GTAGAGAG	CTCTCTAC	S507	AAGGAGTA	TACTCCTT	FALSE	TRUE	E	7	E7	BlockingOligos_v3v4	JGW028 (B341F)	TCGTCGGCAGCGTCAGATGTGTATAAGAGACAGCCTACGGGAGGCAGCAG	JGW029 (B806R)	GTCTCGTGGGCTCGGAGATGTGTATAAGAGACAGGGACTACHVGGGTWTCTAAT	Date interpolated	
BO341-2	1	Bacteria	soil-clay	Amplicon	04/05/18	N710	CAGCCTCG	CGAGGCTG	S507	AAGGAGTA	TACTCCTT	FALSE	TRUE	E	8	E8	BlockingOligos_v3v4	JGW028 (B341F)	TCGTCGGCAGCGTCAGATGTGTATAAGAGACAGCCTACGGGAGGCAGCAG	JGW029 (B806R)	GTCTCGTGGGCTCGGAGATGTGTATAAGAGACAGGGACTACHVGGGTWTCTAAT	Date interpolated	
BO341-3	1	Bacteria	leaf-maize	Amplicon	04/05/18	N711	TGCCTCTT	AAGAGGCA	S507	AAGGAGTA	TACTCCTT	FALSE	TRUE	E	9	E9	BlockingOligos_v3v4	JGW028 (B341F)	TCGTCGGCAGCGTCAGATGTGTATAAGAGACAGCCTACGGGAGGCAGCAG	JGW029 (B806R)	GTCTCGTGGGCTCGGAGATGTGTATAAGAGACAGGGACTACHVGGGTWTCTAAT	Date interpolated	
BO341-4	1	Bacteria	leaf-soybean	Amplicon	04/05/18	N712	TCCTCTAC	GTAGAGGA	S507	AAGGAGTA	TACTCCTT	FALSE	TRUE	E	10	E10	BlockingOligos_v3v4	JGW028 (B341F)	TCGTCGGCAGCGTCAGATGTGTATAAGAGACAGCCTACGGGAGGCAGCAG	JGW029 (B806R)	GTCTCGTGGGCTCGGAGATGTGTATAAGAGACAGGGACTACHVGGGTWTCTAAT	Date interpolated	
BO341-5	1	Bacteria	defined-community	Amplicon	04/05/18	N714	TCATGAGC	GCTCATGA	S507	AAGGAGTA	TACTCCTT	FALSE	TRUE	E	11	E11	BlockingOligos_v3v4	JGW028 (B341F)	TCGTCGGCAGCGTCAGATGTGTATAAGAGACAGCCTACGGGAGGCAGCAG	JGW029 (B806R)	GTCTCGTGGGCTCGGAGATGTGTATAAGAGACAGGGACTACHVGGGTWTCTAAT	Date interpolated	
BO341-6	1	Bacteria	water	Amplicon	04/05/18	N715	CCTGAGAT	ATCTCAGG	S507	AAGGAGTA	TACTCCTT	TRUE	TRUE	E	12	E12	BlockingOligos_v3v4	JGW028 (B341F)	TCGTCGGCAGCGTCAGATGTGTATAAGAGACAGCCTACGGGAGGCAGCAG	JGW029 (B806R)	GTCTCGTGGGCTCGGAGATGTGTATAAGAGACAGGGACTACHVGGGTWTCTAAT	Date interpolated	
BO342-1	1	Bacteria	soil-flowerbed	Amplicon	06/06/18	N701	TCGCCTTA	TAAGGCGA	S508	CTAAGCCT	AGGCTTAG	FALSE	UNKNOWN	F	1	F1	BlockingOligos_v5v7	JGW026 (799F)	TCGTCGGCAGCGTCAGATGTGTATAAGAGACAGAACMGGATTAGATACCCKG	JGW027 (1192R)	GTCTCGTGGGCTCGGAGATGTGTATAAGAGACAGACGTCATCCCCACCTTCC		
BO342-2	1	Bacteria	soil-clay	Amplicon	06/06/18	N702	CTAGTACG	CGTACTAG	S508	CTAAGCCT	AGGCTTAG	FALSE	UNKNOWN	F	2	F2	BlockingOligos_v5v7	JGW026 (799F)	TCGTCGGCAGCGTCAGATGTGTATAAGAGACAGAACMGGATTAGATACCCKG	JGW027 (1192R)	GTCTCGTGGGCTCGGAGATGTGTATAAGAGACAGACGTCATCCCCACCTTCC		
BO342-3	1	Bacteria	leaf-maize	Amplicon	06/06/18	N703	TTCTGCCT	AGGCAGAA	S508	CTAAGCCT	AGGCTTAG	FALSE	UNKNOWN	F	3	F3	BlockingOligos_v5v7	JGW026 (799F)	TCGTCGGCAGCGTCAGATGTGTATAAGAGACAGAACMGGATTAGATACCCKG	JGW027 (1192R)	GTCTCGTGGGCTCGGAGATGTGTATAAGAGACAGACGTCATCCCCACCTTCC		
BO342-4	1	Bacteria	leaf-soybean	Amplicon	06/06/18	N704	GCTCAGGA	TCCTGAGC	S508	CTAAGCCT	AGGCTTAG	FALSE	UNKNOWN	F	4	F4	BlockingOligos_v5v7	JGW026 (799F)	TCGTCGGCAGCGTCAGATGTGTATAAGAGACAGAACMGGATTAGATACCCKG	JGW027 (1192R)	GTCTCGTGGGCTCGGAGATGTGTATAAGAGACAGACGTCATCCCCACCTTCC		
BO342-5	1	Bacteria	defined-community	Amplicon	06/06/18	N705	AGGAGTCC	GGACTCCT	S508	CTAAGCCT	AGGCTTAG	FALSE	UNKNOWN	F	5	F5	BlockingOligos_v5v7	JGW026 (799F)	TCGTCGGCAGCGTCAGATGTGTATAAGAGACAGAACMGGATTAGATACCCKG	JGW027 (1192R)	GTCTCGTGGGCTCGGAGATGTGTATAAGAGACAGACGTCATCCCCACCTTCC		
BO342-6	1	Bacteria	water	Amplicon	06/06/18	N706	CATGCCTA	TAGGCATG	S508	CTAAGCCT	AGGCTTAG	TRUE	UNKNOWN	F	6	F6	BlockingOligos_v5v7	JGW026 (799F)	TCGTCGGCAGCGTCAGATGTGTATAAGAGACAGAACMGGATTAGATACCCKG	JGW027 (1192R)	GTCTCGTGGGCTCGGAGATGTGTATAAGAGACAGACGTCATCCCCACCTTCC		
BO343-1	1	Bacteria	soil-flowerbed	Amplicon	06/29/18	N707	GTAGAGAG	CTCTCTAC	S508	CTAAGCCT	AGGCTTAG	FALSE	UNKNOWN	F	7	F7	BlockingOligos_v5v7	JGW026 (799F)	TCGTCGGCAGCGTCAGATGTGTATAAGAGACAGAACMGGATTAGATACCCKG	JGW027 (1192R)	GTCTCGTGGGCTCGGAGATGTGTATAAGAGACAGACGTCATCCCCACCTTCC		
BO343-2	1	Bacteria	soil-clay	Amplicon	06/29/18	N710	CAGCCTCG	CGAGGCTG	S508	CTAAGCCT	AGGCTTAG	FALSE	UNKNOWN	F	8	F8	BlockingOligos_v5v7	JGW026 (799F)	TCGTCGGCAGCGTCAGATGTGTATAAGAGACAGAACMGGATTAGATACCCKG	JGW027 (1192R)	GTCTCGTGGGCTCGGAGATGTGTATAAGAGACAGACGTCATCCCCACCTTCC		
BO343-3	1	Bacteria	leaf-maize	Amplicon	06/29/18	N711	TGCCTCTT	AAGAGGCA	S508	CTAAGCCT	AGGCTTAG	FALSE	UNKNOWN	F	9	F9	BlockingOligos_v5v7	JGW026 (799F)	TCGTCGGCAGCGTCAGATGTGTATAAGAGACAGAACMGGATTAGATACCCKG	JGW027 (1192R)	GTCTCGTGGGCTCGGAGATGTGTATAAGAGACAGACGTCATCCCCACCTTCC		
BO343-4	1	Bacteria	leaf-soybean	Amplicon	06/29/18	N712	TCCTCTAC	GTAGAGGA	S508	CTAAGCCT	AGGCTTAG	FALSE	UNKNOWN	F	10	F10	BlockingOligos_v5v7	JGW026 (799F)	TCGTCGGCAGCGTCAGATGTGTATAAGAGACAGAACMGGATTAGATACCCKG	JGW027 (1192R)	GTCTCGTGGGCTCGGAGATGTGTATAAGAGACAGACGTCATCCCCACCTTCC		
BO343-5	1	Bacteria	defined-community	Amplicon	06/29/18	N714	TCATGAGC	GCTCATGA	S508	CTAAGCCT	AGGCTTAG	FALSE	UNKNOWN	F	11	F11	BlockingOligos_v5v7	JGW026 (799F)	TCGTCGGCAGCGTCAGATGTGTATAAGAGACAGAACMGGATTAGATACCCKG	JGW027 (1192R)	GTCTCGTGGGCTCGGAGATGTGTATAAGAGACAGACGTCATCCCCACCTTCC		
BO343-6	1	Bacteria	water	Amplicon	06/29/18	N715	CCTGAGAT	ATCTCAGG	S508	CTAAGCCT	AGGCTTAG	TRUE	UNKNOWN	F	12	F12	BlockingOligos_v5v7	JGW026 (799F)	TCGTCGGCAGCGTCAGATGTGTATAAGAGACAGAACMGGATTAGATACCCKG	JGW027 (1192R)	GTCTCGTGGGCTCGGAGATGTGTATAAGAGACAGACGTCATCCCCACCTTCC		
BO57NOL1-1	1	Bacteria	soil-flowerbed	Amplicon	06/23/18	N701	TCGCCTTA	TAAGGCGA	S510	CGTCTAAT	ATTAGACG	FALSE	FALSE	G	1	G1	BlockingOligos_v5v7_noLinkers	JGW022 (799F)	AACMGGATTAGATACCCKG	JGW023 (1192R)	ACGTCATCCCCACCTTCC		
BO57NOL1-2	1	Bacteria	soil-clay	Amplicon	06/23/18	N702	CTAGTACG	CGTACTAG	S510	CGTCTAAT	ATTAGACG	FALSE	FALSE	G	2	G2	BlockingOligos_v5v7_noLinkers	JGW022 (799F)	AACMGGATTAGATACCCKG	JGW023 (1192R)	ACGTCATCCCCACCTTCC		
BO57NOL1-3	1	Bacteria	leaf-maize	Amplicon	06/23/18	N703	TTCTGCCT	AGGCAGAA	S510	CGTCTAAT	ATTAGACG	FALSE	FALSE	G	3	G3	BlockingOligos_v5v7_noLinkers	JGW022 (799F)	AACMGGATTAGATACCCKG	JGW023 (1192R)	ACGTCATCCCCACCTTCC		
BO57NOL1-4	1	Bacteria	leaf-soybean	Amplicon	06/23/18	N704	GCTCAGGA	TCCTGAGC	S510	CGTCTAAT	ATTAGACG	FALSE	FALSE	G	4	G4	BlockingOligos_v5v7_noLinkers	JGW022 (799F)	AACMGGATTAGATACCCKG	JGW023 (1192R)	ACGTCATCCCCACCTTCC		
BO57NOL1-5	1	Bacteria	defined-community	Amplicon	06/23/18	N705	AGGAGTCC	GGACTCCT	S510	CGTCTAAT	ATTAGACG	FALSE	FALSE	G	5	G5	BlockingOligos_v5v7_noLinkers	JGW022 (799F)	AACMGGATTAGATACCCKG	JGW023 (1192R)	ACGTCATCCCCACCTTCC		
BO57NOL1-6	1	Bacteria	water	Amplicon	06/23/18	N706	CATGCCTA	TAGGCATG	S510	CGTCTAAT	ATTAGACG	TRUE	FALSE	G	6	G6	BlockingOligos_v5v7_noLinkers	JGW022 (799F)	AACMGGATTAGATACCCKG	JGW023 (1192R)	ACGTCATCCCCACCTTCC		
BO57NOL2-1	1	Bacteria	soil-flowerbed	Amplicon	07/10/18	N707	GTAGAGAG	CTCTCTAC	S510	CGTCTAAT	ATTAGACG	FALSE	FALSE	G	7	G7	BlockingOligos_v5v7_noLinkers	JGW022 (799F)	AACMGGATTAGATACCCKG	JGW023 (1192R)	ACGTCATCCCCACCTTCC		
BO57NOL2-2	1	Bacteria	soil-clay	Amplicon	07/10/18	N710	CAGCCTCG	CGAGGCTG	S510	CGTCTAAT	ATTAGACG	FALSE	FALSE	G	8	G8	BlockingOligos_v5v7_noLinkers	JGW022 (799F)	AACMGGATTAGATACCCKG	JGW023 (1192R)	ACGTCATCCCCACCTTCC		
BO57NOL2-3	1	Bacteria	leaf-maize	Amplicon	07/10/18	N711	TGCCTCTT	AAGAGGCA	S510	CGTCTAAT	ATTAGACG	FALSE	FALSE	G	9	G9	BlockingOligos_v5v7_noLinkers	JGW022 (799F)	AACMGGATTAGATACCCKG	JGW023 (1192R)	ACGTCATCCCCACCTTCC		
BO57NOL2-4	1	Bacteria	leaf-soybean	Amplicon	07/10/18	N712	TCCTCTAC	GTAGAGGA	S510	CGTCTAAT	ATTAGACG	FALSE	FALSE	G	10	G10	BlockingOligos_v5v7_noLinkers	JGW022 (799F)	AACMGGATTAGATACCCKG	JGW023 (1192R)	ACGTCATCCCCACCTTCC		
BO57NOL2-5	1	Bacteria	defined-community	Amplicon	07/10/18	N714	TCATGAGC	GCTCATGA	S510	CGTCTAAT	ATTAGACG	FALSE	FALSE	G	11	G11	BlockingOligos_v5v7_noLinkers	JGW022 (799F)	AACMGGATTAGATACCCKG	JGW023 (1192R)	ACGTCATCCCCACCTTCC		TRUE
BO57NOL2-6	1	Bacteria	water	Amplicon	07/10/18	N715	CCTGAGAT	ATCTCAGG	S510	CGTCTAAT	ATTAGACG	TRUE	FALSE	G	12	G12	BlockingOligos_v5v7_noLinkers	JGW022 (799F)	AACMGGATTAGATACCCKG	JGW023 (1192R)	ACGTCATCCCCACCTTCC		
BO57L1-1	1	Bacteria	soil-flowerbed	Amplicon	06/23/18	N701	TCGCCTTA	TAAGGCGA	S511	TCTCTCCG	CGGAGAGA	FALSE	TRUE	H	1	H1	BlockingOligos_v5v7	JGW026 (799F)	TCGTCGGCAGCGTCAGATGTGTATAAGAGACAGAACMGGATTAGATACCCKG	JGW027 (1192R)	GTCTCGTGGGCTCGGAGATGTGTATAAGAGACAGACGTCATCCCCACCTTCC		
BO57L1-2	1	Bacteria	soil-clay	Amplicon	06/23/18	N702	CTAGTACG	CGTACTAG	S511	TCTCTCCG	CGGAGAGA	FALSE	TRUE	H	2	H2	BlockingOligos_v5v7	JGW026 (799F)	TCGTCGGCAGCGTCAGATGTGTATAAGAGACAGAACMGGATTAGATACCCKG	JGW027 (1192R)	GTCTCGTGGGCTCGGAGATGTGTATAAGAGACAGACGTCATCCCCACCTTCC		
BO57L1-3	1	Bacteria	leaf-maize	Amplicon	06/23/18	N703	TTCTGCCT	AGGCAGAA	S511	TCTCTCCG	CGGAGAGA	FALSE	TRUE	H	3	H3	BlockingOligos_v5v7	JGW026 (799F)	TCGTCGGCAGCGTCAGATGTGTATAAGAGACAGAACMGGATTAGATACCCKG	JGW027 (1192R)	GTCTCGTGGGCTCGGAGATGTGTATAAGAGACAGACGTCATCCCCACCTTCC		
BO57L1-4	1	Bacteria	leaf-soybean	Amplicon	06/23/18	N704	GCTCAGGA	TCCTGAGC	S511	TCTCTCCG	CGGAGAGA	FALSE	TRUE	H	4	H4	BlockingOligos_v5v7	JGW026 (799F)	TCGTCGGCAGCGTCAGATGTGTATAAGAGACAGAACMGGATTAGATACCCKG	JGW027 (1192R)	GTCTCGTGGGCTCGGAGATGTGTATAAGAGACAGACGTCATCCCCACCTTCC		
BO57L1-5	1	Bacteria	defined-community	Amplicon	06/23/18	N705	AGGAGTCC	GGACTCCT	S511	TCTCTCCG	CGGAGAGA	FALSE	TRUE	H	5	H5	BlockingOligos_v5v7	JGW026 (799F)	TCGTCGGCAGCGTCAGATGTGTATAAGAGACAGAACMGGATTAGATACCCKG	JGW027 (1192R)	GTCTCGTGGGCTCGGAGATGTGTATAAGAGACAGACGTCATCCCCACCTTCC		
BO57L1-6	1	Bacteria	water	Amplicon	06/23/18	N706	CATGCCTA	TAGGCATG	S511	TCTCTCCG	CGGAGAGA	TRUE	TRUE	H	6	H6	BlockingOligos_v5v7	JGW026 (799F)	TCGTCGGCAGCGTCAGATGTGTATAAGAGACAGAACMGGATTAGATACCCKG	JGW027 (1192R)	GTCTCGTGGGCTCGGAGATGTGTATAAGAGACAGACGTCATCCCCACCTTCC		
BO57L2-1	1	Bacteria	soil-flowerbed	Amplicon	07/11/18	N707	GTAGAGAG	CTCTCTAC	S511	TCTCTCCG	CGGAGAGA	FALSE	TRUE	H	7	H7	BlockingOligos_v5v7	JGW026 (799F)	TCGTCGGCAGCGTCAGATGTGTATAAGAGACAGAACMGGATTAGATACCCKG	JGW027 (1192R)	GTCTCGTGGGCTCGGAGATGTGTATAAGAGACAGACGTCATCCCCACCTTCC		
BO57L2-2	1	Bacteria	soil-clay	Amplicon	07/11/18	N710	CAGCCTCG	CGAGGCTG	S511	TCTCTCCG	CGGAGAGA	FALSE	TRUE	H	8	H8	BlockingOligos_v5v7	JGW026 (799F)	TCGTCGGCAGCGTCAGATGTGTATAAGAGACAGAACMGGATTAGATACCCKG	JGW027 (1192R)	GTCTCGTGGGCTCGGAGATGTGTATAAGAGACAGACGTCATCCCCACCTTCC		
BO57L2-3	1	Bacteria	leaf-maize	Amplicon	07/11/18	N711	TGCCTCTT	AAGAGGCA	S511	TCTCTCCG	CGGAGAGA	FALSE	TRUE	H	9	H9	BlockingOligos_v5v7	JGW026 (799F)	TCGTCGGCAGCGTCAGATGTGTATAAGAGACAGAACMGGATTAGATACCCKG	JGW027 (1192R)	GTCTCGTGGGCTCGGAGATGTGTATAAGAGACAGACGTCATCCCCACCTTCC		
BLANK	1	Bacteria	blank	Amplicon	07/11/18	N712	TCCTCTAC	GTAGAGGA	S511	TCTCTCCG	CGGAGAGA	TRUE	TRUE	H	10	H10	Blank	NA		NA			
BO57L2-5	1	Bacteria	defined-community	Amplicon	07/11/18	N714	TCATGAGC	GCTCATGA	S511	TCTCTCCG	CGGAGAGA	FALSE	TRUE	H	11	H11	BlockingOligos_v5v7	JGW026 (799F)	TCGTCGGCAGCGTCAGATGTGTATAAGAGACAGAACMGGATTAGATACCCKG	JGW027 (1192R)	GTCTCGTGGGCTCGGAGATGTGTATAAGAGACAGACGTCATCCCCACCTTCC		TRUE
BO57L2-6	1	Bacteria	water	Amplicon	07/11/18	N715	CCTGAGAT	ATCTCAGG	S511	TCTCTCCG	CGGAGAGA	TRUE	TRUE	H	12	H12	BlockingOligos_v5v7	JGW026 (799F)	TCGTCGGCAGCGTCAGATGTGTATAAGAGACAGAACMGGATTAGATACCCKG	JGW027 (1192R)	GTCTCGTGGGCTCGGAGATGTGTATAAGAGACAGACGTCATCCCCACCTTCC		
